No,判定,締切,残日数,補助金_公募名,対象地域,従業員条件,上限額円,判定理由,理由区分,JグランツID,URL
1,△,2026-09-04 12:00,0.2,「バーチャルエコノミーにおける社会実装に向けた戦略検討、グローバルベンチマーク調査及び提供財の社会実装への取組提言」の公募,全国,従業員数の制約なし,0,地域条件は通るが、ROOOMTECHとの事業適合性・応募者要件を詳細確認,適合性,a0WJ200000CDdu5MAD,https://www.jgrants-portal.go.jp/subsidy/a0WJ200000CDdu5MAD
2,△,2026-09-04 15:00,0.3,令和８年度「蓄電池等の製品の持続可能性向上に向けた基盤整備・実証事業」,全国,従業員数の制約なし,720000000,事業テーマは関連するが、個別要件の確認が必要,追加要件,a0WJ200000CDctfMAD,https://www.jgrants-portal.go.jp/subsidy/a0WJ200000CDctfMAD
3,×,2026-09-04 17:00,0.4,2026年度「海外出願支援事業」（2次募集）,北海道,300名以下,3000000,対象地域が北海道で、確認済み本店・事業拠点条件に合わない,地域,a0WJ200000CDYh2MAH,https://www.jgrants-portal.go.jp/subsidy/a0WJ200000CDYh2MAH
4,×,2026-09-04 17:00,0.4,【岡山県】令和8年度_中小企業等海外展開支援事業費補助金（海外出願支援事業）（第２回公募）,岡山県,300名以下,3000000,対象地域が岡山県で、確認済み本店・事業拠点条件に合わない,地域,a0WJ200000CDeUWMA1,https://www.jgrants-portal.go.jp/subsidy/a0WJ200000CDeUWMA1
5,○,2026-09-07 12:00,3.2,2026年度第2回「新エネルギー等のシーズ発掘・事業化に向けた技術研究開発事業」（新エネ中小・スタートアップ支援制度）の公募,全国,従業員数の制約なし,0,基本属性と事業テーマが合致。公募要領の最終要件確認後に申請準備,候補,a0WJ200000CDd5cMAD,https://www.jgrants-portal.go.jp/subsidy/a0WJ200000CDd5cMAD
6,△,2026-09-07 12:00,3.2,2026年度第2回「新エネルギー等のシーズ発掘・事業化に向けた技術研究開発事業」（未来型新エネ実証制度）の公募,全国,従業員数の制約なし,0,事業テーマは関連するが、個別要件の確認が必要,追加要件,a0WJ200000CDdA1MAL,https://www.jgrants-portal.go.jp/subsidy/a0WJ200000CDdA1MAL
7,△,2026-09-07 12:00,3.2,「競争的な水素サプライチェーン構築に向けた技術開発事業／総合調査研究／水素キャリアに係る船陸インターフェースの国際標準化に向けた基礎調査」の公募,全国,従業員数の制約なし,0,地域条件は通るが、ROOOMTECHとの事業適合性・応募者要件を詳細確認,適合性,a0WJ200000CDeA1MAL,https://www.jgrants-portal.go.jp/subsidy/a0WJ200000CDeA1MAL
8,△,2026-09-07 15:00,3.3,令和８年度 エネルギー使用合理化設備導入促進対策費補助金（資源自律経済確立産官学連携加速化事業）【二次公募】,全国,従業員数の制約なし,40000000,事業テーマは関連するが、個別要件の確認が必要,追加要件,a0WJ200000CDdNKMA1,https://www.jgrants-portal.go.jp/subsidy/a0WJ200000CDdNKMA1
9,○,2026-09-08 12:00,4.2,GX分野のディープテック・スタートアップに対する 実用化研究開発・量産化実証支援事業第7回公募,全国,従業員数の制約なし,0,基本属性と事業テーマが合致。公募要領の最終要件確認後に申請準備,候補,a0WJ200000CDaMaMAL,https://www.jgrants-portal.go.jp/subsidy/a0WJ200000CDaMaMAL
10,○,2026-09-08 12:00,4.2,ディープテック・スタートアップ支援基金／ディープテック・スタートアップ支援事業第10回公募,全国,従業員数の制約なし,0,基本属性と事業テーマが合致。公募要領の最終要件確認後に申請準備,候補,a0WJ200000CDaMfMAL,https://www.jgrants-portal.go.jp/subsidy/a0WJ200000CDaMfMAL
11,△,2026-09-08 17:00,4.4,令和８年度ゼロエミッション推進に向けた事業転換支援事業（製品開発助成）,東京都,従業員数の制約なし,0,事業テーマは関連するが、個別要件の確認が必要,追加要件,a0WJ200000CDYUNMA5,https://www.jgrants-portal.go.jp/subsidy/a0WJ200000CDYUNMA5
12,△,2026-09-08 17:00,4.4,令和８年度国際ルール形成・市場創造型標準化推進事業費補助金（２次公募）,全国,従業員数の制約なし,0,地域条件は通るが、ROOOMTECHとの事業適合性・応募者要件を詳細確認,適合性,a0WJ200000CDdKuMAL,https://www.jgrants-portal.go.jp/subsidy/a0WJ200000CDdKuMAL
13,×,2026-09-09 12:00,5.2,令和８年度酒類業振興支援事業費補助金（第４期）,北海道 / 青森県 / 岩手県 / 宮城県 / 秋田県 / 山形県 / 福島県 / 茨城県 / 栃木県 / 群馬県 / 埼玉県 / 新潟県 / 長野県 / 岐阜県 / 静岡県 / 愛知県 / 三重県 / 滋賀県 / 京都府 / 大阪府 / 兵庫県 / 奈良県 / 和歌山県 / 鳥取県 / 島根県 / 岡山県 / 広島県 / 山口県 / 徳島県 / 香川県 / 愛媛県 / 高知県 / 福岡県 / 佐賀県 / 長崎県 / 熊本県 / 大分県 / 宮崎県 / 鹿児島県 / 沖縄県 / 千葉県 / 東京都 / 神奈川県 / 山梨県 / 富山県 / 石川県 / 福井県,従業員数の制約なし,15000000,酒類事業者向け,対象者,a0WJ200000CDdQxMAL,https://www.jgrants-portal.go.jp/subsidy/a0WJ200000CDdQxMAL
14,△,2026-09-09 17:00,5.4,令和８年度運輸部門におけるエネルギーの使用合理化・非化石エネルギー転換推進事業費補助金（内航船革新的運航効率化・非化石エネルギー転換推進事業）（三次公募）,全国,従業員数の制約なし,500000000,地域条件は通るが、ROOOMTECHとの事業適合性・応募者要件を詳細確認,適合性,a0WJ200000CDe7xMAD,https://www.jgrants-portal.go.jp/subsidy/a0WJ200000CDe7xMAD
15,△,2026-09-09 23:59,5.7,令和8年度 高度人材インターンシップ受入支援費補助金,東京都,300名以下,5000,地域条件は通るが、ROOOMTECHとの事業適合性・応募者要件を詳細確認,適合性,a0WJ200000CDZi6MAH,https://www.jgrants-portal.go.jp/subsidy/a0WJ200000CDZi6MAH
16,△,2026-09-11 12:00,7.2,「特定半導体生産施設整備に係る建設工事の現状及び国内投資促進に向けた課題に関する調査・分析事業」の公募,全国,従業員数の制約なし,0,地域条件は通るが、ROOOMTECHとの事業適合性・応募者要件を詳細確認,適合性,a0WJ200000CDe3bMAD,https://www.jgrants-portal.go.jp/subsidy/a0WJ200000CDe3bMAD
17,△,2026-09-11 16:45,7.4,【令和８年度】経営力強化に向けた創意工夫チャレンジ促進事業(飲食事業者向け経営基盤強化支援（受動喫煙防止対策支援コース）)助成金,東京都,従業員数の制約なし,4000000,地域条件は通るが、ROOOMTECHとの事業適合性・応募者要件を詳細確認,適合性,a0WJ200000CDWngMAH,https://www.jgrants-portal.go.jp/subsidy/a0WJ200000CDWngMAH
18,×,2026-09-11 23:59,7.7,令和８年度医療機関診療情報サイバーセキュリティ対策支援事業,東京都,従業員数の制約なし,0,医療機関等向け,対象者,a0WJ200000CDXuqMAH,https://www.jgrants-portal.go.jp/subsidy/a0WJ200000CDXuqMAH
19,△,2026-09-11 23:59,7.7,令和８年度障害者施設等物価高騰緊急対策事業,東京都,従業員数の制約なし,0,地域条件は通るが、ROOOMTECHとの事業適合性・応募者要件を詳細確認,適合性,a0WJ200000CDdNtMAL,https://www.jgrants-portal.go.jp/subsidy/a0WJ200000CDdNtMAL
20,△,2026-09-14 15:00,10.3,令和８年度 脱炭素成長型経済構造移行推進対策費補助金（自律型資源 循環システム強靱化促進事業）（事前着手届出）【一次公募】,全国,従業員数の制約なし,0,事業テーマは関連するが、個別要件の確認が必要,追加要件,a0WJ200000CDd5SMAT,https://www.jgrants-portal.go.jp/subsidy/a0WJ200000CDd5SMAT
21,△,2026-09-14 15:00,10.3,令和８年度 脱炭素成長型経済構造移行推進対策費補助金（自律型資源循環システム強靱化促進事業）,全国,従業員数の制約なし,20000000000,事業テーマは関連するが、個別要件の確認が必要,追加要件,a0WJ200000CDYlTMAX,https://www.jgrants-portal.go.jp/subsidy/a0WJ200000CDYlTMAX
22,△,2026-09-14 16:00,10.4,令和８年度展示会出展助成事業,東京都,従業員数の制約なし,1500000,地域条件は通るが、ROOOMTECHとの事業適合性・応募者要件を詳細確認,適合性,a0WJ200000CDXkTMAX,https://www.jgrants-portal.go.jp/subsidy/a0WJ200000CDXkTMAX
23,△,2026-09-14 16:00,10.4,経営力強化に向けた創意工夫チャレンジ促進事業助成金（賃上げ重点コース）【令和8年度第2回】,茨城県 / 栃木県 / 群馬県 / 埼玉県 / 千葉県 / 東京都 / 神奈川県 / 山梨県,従業員数の制約なし,6000000,地域条件は通るが、ROOOMTECHとの事業適合性・応募者要件を詳細確認,適合性,a0WJ200000CDe6iMAD,https://www.jgrants-portal.go.jp/subsidy/a0WJ200000CDe6iMAD
24,×,2026-09-14 17:00,10.4,【埼玉県】令和8年度 企業等における省エネ・再エネ活用設備導入補助金,埼玉県,従業員数の制約なし,0,対象地域が埼玉県で、確認済み本店・事業拠点条件に合わない,地域,a0WJ200000CDYUSMA5,https://www.jgrants-portal.go.jp/subsidy/a0WJ200000CDYUSMA5
25,△,2026-09-14 17:00,10.4,交通システムの省CO2 化に向けた設備整備事業（鉄道事業等におけるネットワーク型低炭素化促進事業）（二次公募）,全国,従業員数の制約なし,0,事業テーマは関連するが、個別要件の確認が必要,追加要件,a0WJ200000CDO8eMAH,https://www.jgrants-portal.go.jp/subsidy/a0WJ200000CDO8eMAH
26,△,2026-09-14 23:59,10.7,女性の活躍推進に向けた職場環境改善奨励金　撤回届,東京都,300名以下,1800000,事業テーマは関連するが、個別要件の確認が必要,追加要件,a0WJ200000CDaTEMA1,https://www.jgrants-portal.go.jp/subsidy/a0WJ200000CDaTEMA1
27,△,2026-09-14 23:59,10.7,女性活躍情報公開促進奨励金　撤回届,東京都,100名以下,200000,地域条件は通るが、ROOOMTECHとの事業適合性・応募者要件を詳細確認,適合性,a0WJ200000CDaTGMA1,https://www.jgrants-portal.go.jp/subsidy/a0WJ200000CDaTGMA1
28,○,2026-09-15 16:00,11.4,【応募事業者】令和８年度 プラスチック等資源循環システム構築実証事業　＜三次公募＞,全国 / 北海道 / 青森県 / 岩手県 / 宮城県 / 秋田県 / 山形県 / 福島県 / 茨城県 / 栃木県 / 群馬県 / 埼玉県 / 千葉県 / 東京都 / 神奈川県 / 新潟県 / 山梨県 / 長野県 / 富山県 / 石川県 / 福井県 / 岐阜県 / 静岡県 / 愛知県 / 三重県 / 滋賀県 / 京都府 / 大阪府 / 兵庫県 / 奈良県 / 和歌山県 / 鳥取県 / 島根県 / 岡山県 / 広島県 / 山口県 / 徳島県 / 香川県 / 愛媛県 / 高知県 / 福岡県 / 佐賀県 / 長崎県 / 熊本県 / 大分県 / 宮崎県 / 鹿児島県 / 沖縄県,従業員数の制約なし,0,基本属性と事業テーマが合致。公募要領の最終要件確認後に申請準備,候補,a0WJ200000CDdqyMAD,https://www.jgrants-portal.go.jp/subsidy/a0WJ200000CDdqyMAD
29,△,2026-09-15 23:45,11.7,東京都認定制度を活用した医師少数区域における勤務の推進事業補助金,東京都,従業員数の制約なし,0,地域条件は通るが、ROOOMTECHとの事業適合性・応募者要件を詳細確認,適合性,a0W5h00000UcWryEAF,https://www.jgrants-portal.go.jp/subsidy/a0W5h00000UcWryEAF
30,×,2026-09-16 17:00,12.4,2026年度「中小企業競争力強化促進事業業」（マーケティング支援事業）［2次募集］,北海道,300名以下,2000000,対象地域が北海道で、確認済み本店・事業拠点条件に合わない,地域,a0WJ200000CDYmSMAX,https://www.jgrants-portal.go.jp/subsidy/a0WJ200000CDYmSMAX
31,△,2026-09-16 17:00,12.4,令和８年度 第２回 事業承継支援助成金,東京都,300名以下,2000000,地域条件は通るが、ROOOMTECHとの事業適合性・応募者要件を詳細確認,適合性,a0WJ200000CDdauMAD,https://www.jgrants-portal.go.jp/subsidy/a0WJ200000CDdauMAD
32,△,2026-09-18 12:00,14.2,重要経済安保情報保護活用民間企業等情報保全施設導入支援補助金（令和８年度第２回公募）,全国,従業員数の制約なし,0,地域条件は通るが、ROOOMTECHとの事業適合性・応募者要件を詳細確認,適合性,a0WJ200000CDeUbMAL,https://www.jgrants-portal.go.jp/subsidy/a0WJ200000CDeUbMAL
33,△,2026-09-18 17:00,14.4,【令和７年度】二酸化炭素排出抑制対策事業費等補助金（水インフラにおける脱炭素化推進事業）［四次公募］,全国,従業員数の制約なし,0,事業テーマは関連するが、個別要件の確認が必要,追加要件,a0WJ200000CDb6JMAT,https://www.jgrants-portal.go.jp/subsidy/a0WJ200000CDb6JMAT
34,△,2026-09-18 17:00,14.4,令和７年度補正　米粉商品開発等支援対策事業　2次募集,全国,従業員数の制約なし,30950204,地域条件は通るが、ROOOMTECHとの事業適合性・応募者要件を詳細確認,適合性,a0WJ200000CDe8MMAT,https://www.jgrants-portal.go.jp/subsidy/a0WJ200000CDe8MMAT
35,△,2026-09-18 17:00,14.4,令和８年度　熱利活用事業（単年度事業分）　第３次公募　【　廃棄物処理施設を核とした地域循環共生圏構築促進事業　】,全国,従業員数の制約なし,0,地域条件は通るが、ROOOMTECHとの事業適合性・応募者要件を詳細確認,適合性,a0WJ200000CDdmfMAD,https://www.jgrants-portal.go.jp/subsidy/a0WJ200000CDdmfMAD
36,△,2026-09-18 17:00,14.4,令和８年度　電力利活用事業（単年度事業分）　第３次公募　【　廃棄物処理施設を核とした地域循環共生圏構築促進事業　】,全国,従業員数の制約なし,0,地域条件は通るが、ROOOMTECHとの事業適合性・応募者要件を詳細確認,適合性,a0WJ200000CDdmVMAT,https://www.jgrants-portal.go.jp/subsidy/a0WJ200000CDdmVMAT
37,△,2026-09-18 17:00,14.4,令和８年度　ＦＳ調査事業　第３次公募　【　廃棄物処理施設を核とした地域循環共生圏構築促進事業　】,全国,従業員数の制約なし,0,地域条件は通るが、ROOOMTECHとの事業適合性・応募者要件を詳細確認,適合性,a0WJ200000CDdmpMAD,https://www.jgrants-portal.go.jp/subsidy/a0WJ200000CDdmpMAD
38,△,2026-09-24 23:59,20.7,【二次公募】令和８年度　天然ガス利用設備による強靱性向上対策事業費補助金,全国,従業員数の制約なし,0,地域条件は通るが、ROOOMTECHとの事業適合性・応募者要件を詳細確認,適合性,a0WJ200000CDeXgMAL,https://www.jgrants-portal.go.jp/subsidy/a0WJ200000CDeXgMAL
39,△,2026-09-25 00:00,20.7,東京都専門医認定支援事業補助金,東京都,従業員数の制約なし,0,地域条件は通るが、ROOOMTECHとの事業適合性・応募者要件を詳細確認,適合性,a0W5h00000UcWrwEAF,https://www.jgrants-portal.go.jp/subsidy/a0W5h00000UcWrwEAF
40,△,2026-09-25 12:00,21.2,①省CO2型プラスチック高度リサイクル設備導入事業（バリューチェーン）【令和７年度（補正予算）４次公募及び令和８年度３次公募】,全国,従業員数の制約なし,7297000000,事業テーマは関連するが、個別要件の確認が必要,追加要件,a0WJ200000CDYiwMAH,https://www.jgrants-portal.go.jp/subsidy/a0WJ200000CDYiwMAH
41,△,2026-09-25 12:00,21.2,②化石資源由来プラスチックを代替する再生可能資源由来素材 の省CO2型製造設備導入事業（バリューチェーン）【令和７年度（補正予算）第４次公募及び令和８年度第３次公募】,全国,従業員数の制約なし,7297000000,事業テーマは関連するが、個別要件の確認が必要,追加要件,a0WJ200000CDYjRMAX,https://www.jgrants-portal.go.jp/subsidy/a0WJ200000CDYjRMAX
42,△,2026-09-25 12:00,21.2,③太陽光パネルリサイクル設備導入事業（バリューチェーン）【令和７年度（補正予算）第４次公募及び令和８年度第３次公募】,全国,従業員数の制約なし,7297000000,事業テーマは関連するが、個別要件の確認が必要,追加要件,a0WJ200000CDYkCMAX,https://www.jgrants-portal.go.jp/subsidy/a0WJ200000CDYkCMAX
43,△,2026-09-25 12:00,21.2,④リチウム蓄電池リサイクル設備導入事業（バリューチェーン）【令和７年度（補正予算）第４次公募及び令和８年度第３次公募】,全国,従業員数の制約なし,7297000000,事業テーマは関連するが、個別要件の確認が必要,追加要件,a0WJ200000CDYkHMAX,https://www.jgrants-portal.go.jp/subsidy/a0WJ200000CDYkHMAX
44,△,2026-09-25 12:00,21.2,⑤金属破砕・選別設備導入事業（バリューチェーン）【令和７年度（補正予算）第４次公募及び第８年度第３次公募】,全国,従業員数の制約なし,7297000000,事業テーマは関連するが、個別要件の確認が必要,追加要件,a0WJ200000CDYk0MAH,https://www.jgrants-portal.go.jp/subsidy/a0WJ200000CDYk0MAH
45,○,2026-09-25 12:00,21.2,【令和７年度補正 グローバルサウス未来志向型共創等事業費補助金（ウクライナ復興支援に向けた欧州企業連携・中東欧諸国等連携強化）（FS実証・実証事業実施事業者の募集（補助））】,全国,従業員数の制約なし,0,基本属性と事業テーマが合致。公募要領の最終要件確認後に申請準備,候補,a0WJ200000CDczgMAD,https://www.jgrants-portal.go.jp/subsidy/a0WJ200000CDczgMAD
46,△,2026-09-25 12:00,21.2,令和7年度_産油国石油精製技術等対策事業費補助金（石油天然ガス権益・安定供給の確保に向けた資源国との関係強化支援事業のうち産油・産ガス国産業協力等事業に係るもの）_第5回公募,全国,従業員数の制約なし,340000000,地域条件は通るが、ROOOMTECHとの事業適合性・応募者要件を詳細確認,適合性,a0WJ200000CDeNwMAL,https://www.jgrants-portal.go.jp/subsidy/a0WJ200000CDeNwMAL
47,△,2026-09-25 12:00,21.2,令和7年度_資源国脱炭素化・エネルギー転換技術等支援事業費補助金_第5回公募,全国,従業員数の制約なし,660000000,事業テーマは関連するが、個別要件の確認が必要,追加要件,a0WJ200000CDeNSMA1,https://www.jgrants-portal.go.jp/subsidy/a0WJ200000CDeNSMA1
48,△,2026-09-25 12:00,21.2,令和8年度_産油国石油精製技術等対策事業費補助金（石油天然ガス権益・安定供給の確保に向けた資源国との関係強化支援事業のうち産油・産ガス国産業協力等事業に係るもの）_第3回公募,全国,従業員数の制約なし,2900000000,地域条件は通るが、ROOOMTECHとの事業適合性・応募者要件を詳細確認,適合性,a0WJ200000CDeO6MAL,https://www.jgrants-portal.go.jp/subsidy/a0WJ200000CDeO6MAL
49,△,2026-09-25 12:00,21.2,令和8年度_資源国脱炭素化・エネルギー転換技術等支援事業費補助金_第3回公募,全国,従業員数の制約なし,1200000000,事業テーマは関連するが、個別要件の確認が必要,追加要件,a0WJ200000CDeO1MAL,https://www.jgrants-portal.go.jp/subsidy/a0WJ200000CDeO1MAL
50,×,2026-09-25 17:00,21.4,【熊本県２次】令和8年度_中小企業等海外展開支援事業費補助金（海外出願支援事業）,熊本県,300名以下,3000000,対象地域が熊本県で、確認済み本店・事業拠点条件に合わない,地域,a0WJ200000CDeQhMAL,https://www.jgrants-portal.go.jp/subsidy/a0WJ200000CDeQhMAL
51,△,2026-09-25 17:00,21.4,令和８年度「水力発電導入促進支援事業費補助金（事業性評価支援事業）」（新規事業　３次締切分）,全国,従業員数の制約なし,20000000,地域条件は通るが、ROOOMTECHとの事業適合性・応募者要件を詳細確認,適合性,a0WJ200000CDcODMA1,https://www.jgrants-portal.go.jp/subsidy/a0WJ200000CDcODMA1
52,△,2026-09-25 17:00,21.4,令和８年度外国商標出願費用助成事業（第２回）,東京都,300名以下,600000,地域条件は通るが、ROOOMTECHとの事業適合性・応募者要件を詳細確認,適合性,a0WJ200000CDe3WMAT,https://www.jgrants-portal.go.jp/subsidy/a0WJ200000CDe3WMAT
53,△,2026-09-25 17:00,21.4,令和８年度外国意匠出願費用助成事業（第２回）,東京都,300名以下,600000,地域条件は通るが、ROOOMTECHとの事業適合性・応募者要件を詳細確認,適合性,a0WJ200000CDe3RMAT,https://www.jgrants-portal.go.jp/subsidy/a0WJ200000CDe3RMAT
54,△,2026-09-28 17:00,24.4,【経済産業省】ものづくり・商業・サービス生産性向上促進補助金（19次締切）,全国,従業員数の制約なし,40000000,事業テーマは関連するが、個別要件の確認が必要,追加要件,a0WJ200000CDTzMMAX,https://www.jgrants-portal.go.jp/subsidy/a0WJ200000CDTzMMAX
55,△,2026-09-29 12:00,25.2,2026年度「木質バイオマス燃料等の安定的・効率的な供給・利用システム構築支援事業」の第２回公募,全国,従業員数の制約なし,0,事業テーマは関連するが、個別要件の確認が必要,追加要件,a0WJ200000CDdtWMAT,https://www.jgrants-portal.go.jp/subsidy/a0WJ200000CDdtWMAT
56,△,2026-09-29 17:00,25.4,令和８年度　水力発電導入促進支援事業費補助金（既存設備有効活用強化支援事業）公募,全国,従業員数の制約なし,1474350000,地域条件は通るが、ROOOMTECHとの事業適合性・応募者要件を詳細確認,適合性,a0WJ200000CDYcpMAH,https://www.jgrants-portal.go.jp/subsidy/a0WJ200000CDYcpMAH
57,△,2026-09-30 11:49,26.2,東京都商店街デジタル化推進事業費補助金,東京都,従業員数の制約なし,15000000,事業テーマは関連するが、個別要件の確認が必要,追加要件,a0WJ200000CDdgEMAT,https://www.jgrants-portal.go.jp/subsidy/a0WJ200000CDdgEMAT
58,△,2026-09-30 12:00,26.2,「GXイノベーション・エコシステム構築事業推進に向けたフロンティア領域の探索・重点支援のためのマネジメント手法の構築」の公募,全国,従業員数の制約なし,0,事業テーマは関連するが、個別要件の確認が必要,追加要件,a0WJ200000CDcy9MAD,https://www.jgrants-portal.go.jp/subsidy/a0WJ200000CDcy9MAD
59,△,2026-09-30 12:00,26.2,「GX分野の大企業等のスタートアップ連携・調達加速化事業／市場創出及び本格調達・購買の実現可能性の検証（GX_CPP）」の公募,全国,従業員数の制約なし,0,補助金ではなく委託・調達型公募の可能性。受託要件を確認,公募種別,a0WJ200000CDdmLMAT,https://www.jgrants-portal.go.jp/subsidy/a0WJ200000CDdmLMAT
60,△,2026-09-30 12:00,26.2,「ディープテック・スタートアップ支援基金／大企業等のスタートアップ連携・調達加速化事業／市場創出及び本格調達・購買の実現可能性の検証（CPP）」の公募,全国,従業員数の制約なし,0,補助金ではなく委託・調達型公募の可能性。受託要件を確認,公募種別,a0WJ200000CDdmGMAT,https://www.jgrants-portal.go.jp/subsidy/a0WJ200000CDdmGMAT
61,△,2026-09-30 12:00,26.2,地域社会ＤＸ推進パッケージ事業（補助事業）,全国,従業員数の制約なし,0,地域条件は通るが、ROOOMTECHとの事業適合性・応募者要件を詳細確認,適合性,a0WJ200000CDdjzMAD,https://www.jgrants-portal.go.jp/subsidy/a0WJ200000CDdjzMAD
62,△,2026-09-30 16:00,26.4,【第２回】中東情勢による原材料価格高騰に伴う経営基盤安定化緊急対策事業,東京都,従業員数の制約なし,20000000,地域条件は通るが、ROOOMTECHとの事業適合性・応募者要件を詳細確認,適合性,a0WJ200000CDe9hMAD,https://www.jgrants-portal.go.jp/subsidy/a0WJ200000CDe9hMAD
63,△,2026-09-30 16:00,26.4,令和8年度第2回 事業承継を契機とした成長支援事業(一般コース),東京都,従業員数の制約なし,8000000,地域条件は通るが、ROOOMTECHとの事業適合性・応募者要件を詳細確認,適合性,a0WJ200000CDdsqMAD,https://www.jgrants-portal.go.jp/subsidy/a0WJ200000CDdsqMAD
64,×,2026-09-30 17:00,26.4,「賃上げ環境整備補助金2026」,北海道,300名以下,3000000,対象地域が北海道で、確認済み本店・事業拠点条件に合わない,地域,a0WJ200000CDYr0MAH,https://www.jgrants-portal.go.jp/subsidy/a0WJ200000CDYr0MAH
65,△,2026-09-30 17:00,26.4,【令和７年度補正予算・令和８年度】二酸化炭素排出抑制対策事業費等補助金（クーリングシェルターの普及に向けた高効率空調導入支援事業（令和７年度補正予算三次公募・令和８年度二次公募））,全国,従業員数の制約なし,10000000,地域条件は通るが、ROOOMTECHとの事業適合性・応募者要件を詳細確認,適合性,a0WJ200000CDdtgMAD,https://www.jgrants-portal.go.jp/subsidy/a0WJ200000CDdtgMAD
66,△,2026-09-30 17:00,26.4,【令和７年度補正予算・令和８年度】二酸化炭素排出抑制対策事業費等補助金（テナントビルの省CO2改修支援事業（令和７年度補正三次公募・令和８年度二次公募））,全国,従業員数の制約なし,40000000,事業テーマは関連するが、個別要件の確認が必要,追加要件,a0WJ200000CDdtvMAD,https://www.jgrants-portal.go.jp/subsidy/a0WJ200000CDdtvMAD
67,△,2026-09-30 17:00,26.4,【令和７年度補正予算・令和８年度】二酸化炭素排出抑制対策事業費等補助金（ライフサイクルカーボン削減型の先導的な新築ZEB支援事業（令和７年度補正予算三次公募・令和８年度二次公募））,全国,従業員数の制約なし,500000000,地域条件は通るが、ROOOMTECHとの事業適合性・応募者要件を詳細確認,適合性,a0WJ200000CDdtbMAD,https://www.jgrants-portal.go.jp/subsidy/a0WJ200000CDdtbMAD
68,△,2026-09-30 17:00,26.4,【令和７年度補正予算・令和８年度】二酸化炭素排出抑制対策事業費等補助金（新築建築物のZEB普及促進支援事業/既存建築物のZEB化普及促進支援事業（令和７年度補正予算三次公募・令和８年度二次公募））,全国,従業員数の制約なし,0,地域条件は通るが、ROOOMTECHとの事業適合性・応募者要件を詳細確認,適合性,a0WJ200000CDdtRMAT,https://www.jgrants-portal.go.jp/subsidy/a0WJ200000CDdtRMAT
69,△,2026-09-30 17:00,26.4,【令和７年度補正予算・令和８年度】二酸化炭素排出抑制対策事業費等補助金（民間建築物等における省CO2改修支援事業（令和７年度補正三次公募・令和８年度二次公募））,全国,従業員数の制約なし,35000000,事業テーマは関連するが、個別要件の確認が必要,追加要件,a0WJ200000CDdtlMAD,https://www.jgrants-portal.go.jp/subsidy/a0WJ200000CDdtlMAD
70,△,2026-09-30 17:00,26.4,【令和７年度補正予算・令和８年度】二酸化炭素排出抑制対策事業費等補助金（空き家等における省CO2改修支援事業（令和７年度補正三次公募・令和８年度二次公募））,全国,従業員数の制約なし,10000000,事業テーマは関連するが、個別要件の確認が必要,追加要件,a0WJ200000CDdu0MAD,https://www.jgrants-portal.go.jp/subsidy/a0WJ200000CDdu0MAD
71,△,2026-09-30 17:00,26.4,【令和８年度】サステナブル倉庫モデル促進事業（２次公募）,全国,従業員数の制約なし,100000000,地域条件は通るが、ROOOMTECHとの事業適合性・応募者要件を詳細確認,適合性,a0WJ200000CDbpvMAD,https://www.jgrants-portal.go.jp/subsidy/a0WJ200000CDbpvMAD
72,△,2026-09-30 17:00,26.4,【令和８年度】フェーズフリーの省CO2独立型施設支援事業（２次公募）,全国,従業員数の制約なし,35000000,事業テーマは関連するが、個別要件の確認が必要,追加要件,a0WJ200000CDbq0MAD,https://www.jgrants-portal.go.jp/subsidy/a0WJ200000CDbq0MAD
73,△,2026-09-30 17:00,26.4,【令和８年度】二酸化炭素排出抑制対策事業費等補助金（低炭素型建材活用新築ZEB支援事業）（二次公募）,全国,従業員数の制約なし,500000000,地域条件は通るが、ROOOMTECHとの事業適合性・応募者要件を詳細確認,適合性,a0WJ200000CDaT7MAL,https://www.jgrants-portal.go.jp/subsidy/a0WJ200000CDaT7MAL
74,△,2026-09-30 17:00,26.4,令和8年度 生放送字幕番組普及促進助成金（第３期）,全国,従業員数の制約なし,0,地域条件は通るが、ROOOMTECHとの事業適合性・応募者要件を詳細確認,適合性,a0W2x000004PhCHEA0,https://www.jgrants-portal.go.jp/subsidy/a0W2x000004PhCHEA0
75,×,2026-09-30 17:00,26.4,令和8年度　ふくいの逸品創造ファンド事業,福井県,300名以下,2000000,対象地域が福井県で、確認済み本店・事業拠点条件に合わない,地域,a0WJ200000CDeF3MAL,https://www.jgrants-portal.go.jp/subsidy/a0WJ200000CDeF3MAL
76,△,2026-09-30 17:00,26.4,令和8年度神奈川県小規模事業者デジタル化支援推進事業費補助金,神奈川県,20名以下,500000,神奈川県に関連施設はあるが、制度上の事業所要件を要確認,地域,a0WJ200000CDYEIMA5,https://www.jgrants-portal.go.jp/subsidy/a0WJ200000CDYEIMA5
77,△,2026-09-30 17:00,26.4,令和８年度経営統合等による産業力強化支援事業（単体枠）,東京都,従業員数の制約なし,300000000,地域条件は通るが、ROOOMTECHとの事業適合性・応募者要件を詳細確認,適合性,a0WJ200000CDeC7MAL,https://www.jgrants-portal.go.jp/subsidy/a0WJ200000CDeC7MAL
78,△,2026-09-30 17:00,26.4,令和８年度経営統合等による産業力強化支援事業（連携枠）,東京都,従業員数の制約なし,400000000,地域条件は通るが、ROOOMTECHとの事業適合性・応募者要件を詳細確認,適合性,a0WJ200000CDeC6MAL,https://www.jgrants-portal.go.jp/subsidy/a0WJ200000CDeC6MAL
79,△,2026-09-30 17:00,26.4,令和８年度ＡＩ×データ知財取得支援助成事業【第２回申請】,東京都,300名以下,450000,事業テーマは関連するが、個別要件の確認が必要,追加要件,a0WJ200000CDe0VMAT,https://www.jgrants-portal.go.jp/subsidy/a0WJ200000CDe0VMAT
80,○,2026-09-30 17:00,26.4,小規模事業者持続化補助金＜共同・協業型＞ 第３回公募,全国,従業員数の制約なし,30000000,基本属性と事業テーマが合致。公募要領の最終要件確認後に申請準備,候補,a0WJ200000CDcQOMA1,https://www.jgrants-portal.go.jp/subsidy/a0WJ200000CDcQOMA1
81,△,2026-09-30 17:15,26.4,東京都就職氷河期世代等安定就業サポート助成金（令和８年度第５回申請受付）,東京都,従業員数の制約なし,2400000,地域条件は通るが、ROOOMTECHとの事業適合性・応募者要件を詳細確認,適合性,a0WJ200000CDeU8MAL,https://www.jgrants-portal.go.jp/subsidy/a0WJ200000CDeU8MAL
82,△,2026-09-30 17:15,26.4,東京都正規雇用転換安定化支援助成金（令和８年度第５回申請受付）,東京都,従業員数の制約なし,1900000,地域条件は通るが、ROOOMTECHとの事業適合性・応募者要件を詳細確認,適合性,a0WJ200000CDeTyMAL,https://www.jgrants-portal.go.jp/subsidy/a0WJ200000CDeTyMAL
83,△,2026-09-30 17:15,26.4,東京都若者世代職場定着促進助成金（令和８年度第５回申請受付）,東京都,従業員数の制約なし,1260000,地域条件は通るが、ROOOMTECHとの事業適合性・応募者要件を詳細確認,適合性,a0WJ200000CDeUDMA1,https://www.jgrants-portal.go.jp/subsidy/a0WJ200000CDeUDMA1
84,△,2026-09-30 18:00,26.5,【令和８年度】ハイブリッド連節バス導入支援事業（環境配慮型先進トラック・バス導入加速事業）,全国,従業員数の制約なし,0,事業テーマは関連するが、個別要件の確認が必要,追加要件,a0WJ200000CDdRHMA1,https://www.jgrants-portal.go.jp/subsidy/a0WJ200000CDdRHMA1
85,△,2026-09-30 23:59,26.7,令和8年度　建築GX・DX推進事業,全国,従業員数の制約なし,0,事業テーマは関連するが、個別要件の確認が必要,追加要件,a0WJ200000CDZ2OMAX,https://www.jgrants-portal.go.jp/subsidy/a0WJ200000CDZ2OMAX
86,×,2026-09-30 23:59,26.7,令和8年度医療機関におけるＡＩ技術活用促進事業（単年度型）,東京都,従業員数の制約なし,10000000,医療機関等向け,対象者,a0WJ200000CDY6tMAH,https://www.jgrants-portal.go.jp/subsidy/a0WJ200000CDY6tMAH
87,△,2026-09-30 23:59,26.7,女性の活躍推進に向けた職場環境改善奨励金　支給申請,東京都,300名以下,1800000,事業テーマは関連するが、個別要件の確認が必要,追加要件,a0WJ200000CDaTDMA1,https://www.jgrants-portal.go.jp/subsidy/a0WJ200000CDaTDMA1
88,△,2026-09-30 23:59,26.7,女性活躍情報公開促進奨励金　支給申請,東京都,100名以下,200000,地域条件は通るが、ROOOMTECHとの事業適合性・応募者要件を詳細確認,適合性,a0WJ200000CDaTFMA1,https://www.jgrants-portal.go.jp/subsidy/a0WJ200000CDaTFMA1
89,×,2026-10-01 00:00,26.7,令和８年度社会福祉施設等への非常用電源等の整備促進事業補助金,東京都,従業員数の制約なし,3750000,介護・福祉事業者向け,対象者,a0WJ200000CDY6vMAH,https://www.jgrants-portal.go.jp/subsidy/a0WJ200000CDY6vMAH
90,△,2026-10-01 17:00,27.4,令和８年度外国侵害調査費用助成事業,東京都,300名以下,2000000,地域条件は通るが、ROOOMTECHとの事業適合性・応募者要件を詳細確認,適合性,a0WJ200000CDYQnMAP,https://www.jgrants-portal.go.jp/subsidy/a0WJ200000CDYQnMAP
91,△,2026-10-01 17:00,27.4,令和８年度外国著作権登録費用助成事業,東京都,300名以下,100000,地域条件は通るが、ROOOMTECHとの事業適合性・応募者要件を詳細確認,適合性,a0WJ200000CDYRHMA5,https://www.jgrants-portal.go.jp/subsidy/a0WJ200000CDYRHMA5
92,△,2026-10-01 17:00,27.4,令和８年度特許調査費用助成事業,東京都,300名以下,1000000,事業テーマは関連するが、個別要件の確認が必要,追加要件,a0WJ200000CDYQoMAP,https://www.jgrants-portal.go.jp/subsidy/a0WJ200000CDYQoMAP
93,○,2026-10-02 12:00,28.2,令和8年度当初予算　二次公募　民間企業等による再エネの導入及び地域共生加速化事業のうち、ストレージパリティの達成に向けた太陽光発電設備等の価格低減促進事業,全国,従業員数の制約なし,60000000,基本属性と事業テーマが合致。公募要領の最終要件確認後に申請準備,候補,a0WJ200000CDeSJMA1,https://www.jgrants-portal.go.jp/subsidy/a0WJ200000CDeSJMA1
94,△,2026-10-05 12:00,31.2,「地熱ポテンシャル高度利活用技術開発」の追加公募,全国,従業員数の制約なし,0,地域条件は通るが、ROOOMTECHとの事業適合性・応募者要件を詳細確認,適合性,a0WJ200000CDdoxMAD,https://www.jgrants-portal.go.jp/subsidy/a0WJ200000CDdoxMAD
95,×,2026-10-07 12:00,33.2,令和８年度酒類業振興支援事業費補助金（第５期）,北海道 / 青森県 / 岩手県 / 宮城県 / 秋田県 / 山形県 / 福島県 / 茨城県 / 栃木県 / 群馬県 / 埼玉県 / 新潟県 / 長野県 / 沖縄県 / 千葉県 / 東京都 / 神奈川県 / 山梨県 / 富山県 / 石川県 / 福井県 / 岐阜県 / 静岡県 / 愛知県 / 三重県 / 滋賀県 / 京都府 / 大阪府 / 兵庫県 / 奈良県 / 和歌山県 / 鳥取県 / 島根県 / 岡山県 / 広島県 / 山口県 / 徳島県 / 香川県 / 愛媛県 / 高知県 / 福岡県 / 佐賀県 / 長崎県 / 熊本県 / 大分県 / 宮崎県 / 鹿児島県,従業員数の制約なし,15000000,酒類事業者向け,対象者,a0WJ200000CDdRmMAL,https://www.jgrants-portal.go.jp/subsidy/a0WJ200000CDdRmMAL
96,△,2026-10-08 12:00,34.2,「海外研究者招へい事業（STeP JAPAN）」2027年度海外招へい研究者受入機関の募集,全国,従業員数の制約なし,0,地域条件は通るが、ROOOMTECHとの事業適合性・応募者要件を詳細確認,適合性,a0WJ200000CDaooMAD,https://www.jgrants-portal.go.jp/subsidy/a0WJ200000CDaooMAD
97,△,2026-10-09 12:00,35.2,令和７年度(補正予算) ゼロエミッション船等の建造促進事業 2次公募,全国,従業員数の制約なし,0,事業テーマは関連するが、個別要件の確認が必要,追加要件,a0WJ200000CDdnJMAT,https://www.jgrants-portal.go.jp/subsidy/a0WJ200000CDdnJMAT
98,△,2026-10-09 12:00,35.2,令和７年度（補正予算）地域共生を目指したデータセンター脱炭素化設備導入支援事業（三次公募）,全国,従業員数の制約なし,0,事業テーマは関連するが、個別要件の確認が必要,追加要件,a0WJ200000CDeS9MAL,https://www.jgrants-portal.go.jp/subsidy/a0WJ200000CDeS9MAL
99,△,2026-10-09 17:00,35.4,令和８年度 非石油由来製品等開発支援事業,東京都,従業員数の制約なし,20000000,地域条件は通るが、ROOOMTECHとの事業適合性・応募者要件を詳細確認,適合性,a0WJ200000CDdN0MAL,https://www.jgrants-portal.go.jp/subsidy/a0WJ200000CDdN0MAL
100,×,2026-10-09 17:00,35.4,伝統的工芸品産業支援補助金（令和8年度第2回災害復興事業）,新潟県 / 福井県 / 富山県 / 石川県,従業員数の制約なし,10000000,対象地域が新潟県 / 福井県 / 富山県 / 石川県で、確認済み本店・事業拠点条件に合わない,地域,a0WJ200000CDeQmMAL,https://www.jgrants-portal.go.jp/subsidy/a0WJ200000CDeQmMAL
101,△,2026-10-12 23:59,38.7,［第六回以降］事業再構築補助金（共同申請者）,全国,従業員数の制約なし,150000000,地域条件は通るが、ROOOMTECHとの事業適合性・応募者要件を詳細確認,適合性,a0W2x000007Cos5EAC,https://www.jgrants-portal.go.jp/subsidy/a0W2x000007Cos5EAC
102,×,2026-10-16 17:00,42.4,⼩規模事業者持続化補助⾦＜⼀般型 災害⽀援枠（令和６年能登半島地震等）＞10次公募【商⼯会地区】,石川県,20名以下,2000000,対象地域が石川県で、確認済み本店・事業拠点条件に合わない,地域,a0WJ200000CDWp3MAH,https://www.jgrants-portal.go.jp/subsidy/a0WJ200000CDWp3MAH
103,×,2026-10-16 17:00,42.4,小規模事業者持続化補助金＜一般型 災害支援枠（令和６年能登半島地震等）＞１０次公募【商工会議所地区】,石川県,20名以下,2000000,対象地域が石川県で、確認済み本店・事業拠点条件に合わない,地域,a0WJ200000CDdALMA1,https://www.jgrants-portal.go.jp/subsidy/a0WJ200000CDdALMA1
104,×,2026-10-16 23:59,42.7,令和８年度訪問介護員等補助者同行支援補助金,東京都,従業員数の制約なし,0,介護・福祉事業者向け,対象者,a0WJ200000CDUhfMAH,https://www.jgrants-portal.go.jp/subsidy/a0WJ200000CDUhfMAH
105,×,2026-10-16 23:59,42.7,令和８年度訪問系介護サービス事業所に対する防犯機器等導入支援補助金,東京都,従業員数の制約なし,100000,介護・福祉事業者向け,対象者,a0WJ200000CDUheMAH,https://www.jgrants-portal.go.jp/subsidy/a0WJ200000CDUheMAH
106,△,2026-10-22 17:00,48.4,【令和７年度補正予算・令和８年度】二酸化炭素排出抑制対策事業費等補助金（業務用建築物ストックの省CO2改修調査支援事業（令和７年度補正予算二次公募・令和８年度一次公募））,全国,従業員数の制約なし,1000000,事業テーマは関連するが、個別要件の確認が必要,追加要件,a0WJ200000CDYaFMAX,https://www.jgrants-portal.go.jp/subsidy/a0WJ200000CDYaFMAX
107,△,2026-10-29 23:59,55.7,［第十三回］事業再構築補助金_GX進出類型（交付申請等）,全国,従業員数の制約なし,150000000,事業テーマは関連するが、個別要件の確認が必要,追加要件,a0WJ200000CDPyeMAH,https://www.jgrants-portal.go.jp/subsidy/a0WJ200000CDPyeMAH
108,△,2026-10-30 17:00,56.4,【令和８年度２次公募】国立公園等利用拠点滞在環境等上質化事業（国立公園等資源整備事業費補助金）,全国,従業員数の制約なし,0,事業テーマは関連するが、個別要件の確認が必要,追加要件,a0WJ200000CDczHMAT,https://www.jgrants-portal.go.jp/subsidy/a0WJ200000CDczHMAT
109,△,2026-10-30 17:00,56.4,【令和８年度２次公募】国立公園等多言語解説等整備事業（国立公園等資源整備事業費補助金）,全国,従業員数の制約なし,0,地域条件は通るが、ROOOMTECHとの事業適合性・応募者要件を詳細確認,適合性,a0WJ200000CDczMMAT,https://www.jgrants-portal.go.jp/subsidy/a0WJ200000CDczMMAT
110,△,2026-10-30 18:00,56.5,【令和８年度】二酸化炭素排出抑制対策事業費等補助金（再エネ等由来水素を活用した自立・分散型エネルギーシステム構築等事業）,全国,従業員数の制約なし,300000000,事業テーマは関連するが、個別要件の確認が必要,追加要件,a0WJ200000CDaotMAD,https://www.jgrants-portal.go.jp/subsidy/a0WJ200000CDaotMAD
111,△,2026-10-30 18:00,56.5,産業車両等の脱炭素化促進事業のうち、港湾における脱炭素化促進事業（二酸化炭素排出抑制対策事業費等補助金）,全国,従業員数の制約なし,100000000,事業テーマは関連するが、個別要件の確認が必要,追加要件,a0WJ200000CDZ04MAH,https://www.jgrants-portal.go.jp/subsidy/a0WJ200000CDZ04MAH
112,△,2026-10-30 18:00,56.5,産業車両等の脱炭素化促進事業のうち、空港における脱炭素化促進事業① 空港における再エネ活用型GPU等導入支援（二酸化炭素排出抑制対策事業費等補助金）,全国,従業員数の制約なし,150000000,事業テーマは関連するが、個別要件の確認が必要,追加要件,a0WJ200000CDYzVMAX,https://www.jgrants-portal.go.jp/subsidy/a0WJ200000CDYzVMAX
113,△,2026-10-30 18:00,56.5,産業車両等の脱炭素化促進事業のうち、空港における脱炭素化促進事業③空港におけるEV・FCV型車両改造事業（二酸化炭素排出抑制対策事業費等補助金）,全国,従業員数の制約なし,0,事業テーマは関連するが、個別要件の確認が必要,追加要件,a0WJ200000CDZ1GMAX,https://www.jgrants-portal.go.jp/subsidy/a0WJ200000CDZ1GMAX
114,×,2026-10-30 23:59,56.7,令和8年度医療機関診療情報デジタル導入支援事業,東京都,従業員数の制約なし,0,医療機関等向け,対象者,a0WJ200000CDY6uMAH,https://www.jgrants-portal.go.jp/subsidy/a0WJ200000CDY6uMAH
115,△,2026-10-31 00:00,56.7,令和７年度補正 業務産業用蓄電システム導入支援事業,全国,従業員数の制約なし,15000000,事業テーマは関連するが、個別要件の確認が必要,追加要件,a0WJ200000CDY4mMAH,https://www.jgrants-portal.go.jp/subsidy/a0WJ200000CDY4mMAH
116,△,2026-10-31 23:59,57.7,エイジフレンドリー補助金,全国,従業員数の制約なし,1000000,地域条件は通るが、ROOOMTECHとの事業適合性・応募者要件を詳細確認,適合性,a0WJ200000CDYbNMAX,https://www.jgrants-portal.go.jp/subsidy/a0WJ200000CDYbNMAX
117,△,2026-11-10 12:00,67.2,「グリーンイノベーション基金事業／次世代型地熱技術の開発」の公募,全国,従業員数の制約なし,0,地域条件は通るが、ROOOMTECHとの事業適合性・応募者要件を詳細確認,適合性,a0WJ200000CDXkJMAX,https://www.jgrants-portal.go.jp/subsidy/a0WJ200000CDXkJMAX
118,×,2026-11-13 17:00,70.4,【鹿児島県】令和8年度_中小企業等海外展開支援事業費補助金（海外出願支援事業）,鹿児島県,300名以下,3000000,対象地域が鹿児島県で、確認済み本店・事業拠点条件に合わない,地域,a0WJ200000CDZXbMAP,https://www.jgrants-portal.go.jp/subsidy/a0WJ200000CDZXbMAP
119,○,2026-11-13 17:00,70.4,令和８年度_Scope3排出量削減のための企業間連携による省CO2設備投資促進事業,全国,従業員数の制約なし,1500000000,基本属性と事業テーマが合致。公募要領の最終要件確認後に申請準備,候補,a0WJ200000CDNDnMAP,https://www.jgrants-portal.go.jp/subsidy/a0WJ200000CDNDnMAP
120,△,2026-11-13 18:00,70.5,産業車両等の脱炭素化促進事業のうち、空港における脱炭素化促進事業②空港におけるEV・FCV型車両導入事業（二酸化炭素排出抑制対策事業費等補助金）,全国,従業員数の制約なし,0,事業テーマは関連するが、個別要件の確認が必要,追加要件,a0WJ200000CDZDHMA5,https://www.jgrants-portal.go.jp/subsidy/a0WJ200000CDZDHMA5
121,△,2026-11-20 17:00,77.4,令和７年度（補正予算）地域脱炭素実現に向けた具体的施策実装支援事業（四次公募）,全国,従業員数の制約なし,0,事業テーマは関連するが、個別要件の確認が必要,追加要件,a0WJ200000CDd3OMAT,https://www.jgrants-portal.go.jp/subsidy/a0WJ200000CDd3OMAT
122,△,2026-11-20 17:00,77.4,令和８年度地域脱炭素実現に向けた具体的施策実装支援事業,全国,従業員数の制約なし,0,事業テーマは関連するが、個別要件の確認が必要,追加要件,a0WJ200000CDd3YMAT,https://www.jgrants-portal.go.jp/subsidy/a0WJ200000CDd3YMAT
123,△,2026-11-27 18:00,84.5,令和８年度　産業車両等の脱炭素化促進事業のうち、フォークリフトの燃料電池化促進事業（二酸化炭素排出抑制対策事業費等補助金）,全国,従業員数の制約なし,5500000,事業テーマは関連するが、個別要件の確認が必要,追加要件,a0WJ200000CDYzQMAX,https://www.jgrants-portal.go.jp/subsidy/a0WJ200000CDYzQMAX
124,△,2026-11-28 00:00,84.7,令和７年度補正 ディマンドリスポンスの拡大に向けたIoT化推進事業,全国,従業員数の制約なし,20000000,地域条件は通るが、ROOOMTECHとの事業適合性・応募者要件を詳細確認,適合性,a0WJ200000CDY5GMAX,https://www.jgrants-portal.go.jp/subsidy/a0WJ200000CDY5GMAX
125,△,2026-11-28 18:00,85.5,【令和８年度】二酸化炭素排出抑制対策事業費等補助金（地域再エネ水素ステーション保守点検等支援事業）,全国,従業員数の制約なし,2200000,事業テーマは関連するが、個別要件の確認が必要,追加要件,a0WJ200000CDZzQMAX,https://www.jgrants-portal.go.jp/subsidy/a0WJ200000CDZzQMAX
126,△,2026-11-30 12:00,87.2,令和８年度二酸化炭素排出抑制対策事業費等補助金（運輸部門等の脱炭素化に向けた先進的システム社会実装促進事業のうち、農業機械の電動化促進事業）,全国,従業員数の制約なし,72000000,事業テーマは関連するが、個別要件の確認が必要,追加要件,a0WJ200000CDa1gMAD,https://www.jgrants-portal.go.jp/subsidy/a0WJ200000CDa1gMAD
127,△,2026-11-30 17:00,87.4,【令和８年度】働き方改革推進支援助成金,全国,300名以下,13700000,地域条件は通るが、ROOOMTECHとの事業適合性・応募者要件を詳細確認,適合性,a0WJ200000CDYEGMA5,https://www.jgrants-portal.go.jp/subsidy/a0WJ200000CDYEGMA5
128,×,2026-11-30 17:00,87.4,【山形県】令和8年度やまがた未来くるエネルギー補助金（山形県再生可能エネルギー等設備導入促進事業）,山形県,従業員数の制約なし,0,対象地域が山形県で、確認済み本店・事業拠点条件に合わない,地域,a0WJ200000CDddVMAT,https://www.jgrants-portal.go.jp/subsidy/a0WJ200000CDddVMAT
129,×,2026-11-30 17:00,87.4,古賀市中小企業等向け太陽光発電設備導入補助金,福岡県,従業員数の制約なし,4500000,対象地域が福岡県で、確認済み本店・事業拠点条件に合わない,地域,a0WJ200000CDYfxMAH,https://www.jgrants-portal.go.jp/subsidy/a0WJ200000CDYfxMAH
130,×,2026-11-30 17:00,87.4,埼玉県中小企業等奨学金返還支援事業補助金（令和８年度）,埼玉県,従業員数の制約なし,0,対象地域が埼玉県で、確認済み本店・事業拠点条件に合わない,地域,a0WJ200000CDZIAMA5,https://www.jgrants-portal.go.jp/subsidy/a0WJ200000CDZIAMA5
131,△,2026-11-30 17:30,87.4,令和8年度　資源循環分野の脱炭素化促進事業,全国,従業員数の制約なし,44000000,事業テーマは関連するが、個別要件の確認が必要,追加要件,a0WJ200000CDXyuMAH,https://www.jgrants-portal.go.jp/subsidy/a0WJ200000CDXyuMAH
132,×,2026-11-30 23:45,87.7,森・川・海ごみ削減実践活動支援事業補助金,静岡県,従業員数の制約なし,100000,対象地域が静岡県で、確認済み本店・事業拠点条件に合わない,地域,a0WJ200000CDYsRMAX,https://www.jgrants-portal.go.jp/subsidy/a0WJ200000CDYsRMAX
133,△,2026-11-30 23:59,87.7,令和8年度SDS電子化補助金,全国,従業員数の制約なし,1000000,地域条件は通るが、ROOOMTECHとの事業適合性・応募者要件を詳細確認,適合性,a0WJ200000CDderMAD,https://www.jgrants-portal.go.jp/subsidy/a0WJ200000CDderMAD
134,△,2026-11-30 23:59,87.7,令和８年度 脱炭素成長型経済構造移行推進対策費補助金 （業務用建築物の脱炭素改修加速化事業）,全国,従業員数の制約なし,1000000000,事業テーマは関連するが、個別要件の確認が必要,追加要件,a0WJ200000CDa1bMAD,https://www.jgrants-portal.go.jp/subsidy/a0WJ200000CDa1bMAD
135,△,2026-11-30 23:59,87.7,令和８年度多様な体験型観光推進事業補助金,東京都,従業員数の制約なし,2000000,事業テーマは関連するが、個別要件の確認が必要,追加要件,a0WJ200000CDYUmMAP,https://www.jgrants-portal.go.jp/subsidy/a0WJ200000CDYUmMAP
136,△,2026-11-30 23:59,87.7,令和８年度東京都医療ＤＸ人材育成支援事業,東京都,従業員数の制約なし,500000,地域条件は通るが、ROOOMTECHとの事業適合性・応募者要件を詳細確認,適合性,a0WJ200000CDXvUMAX,https://www.jgrants-portal.go.jp/subsidy/a0WJ200000CDXvUMAX
137,△,2026-11-30 23:59,87.7,女性活躍情報公開促進奨励金　中止届,東京都,100名以下,200000,地域条件は通るが、ROOOMTECHとの事業適合性・応募者要件を詳細確認,適合性,a0WJ200000CDbYxMAL,https://www.jgrants-portal.go.jp/subsidy/a0WJ200000CDbYxMAL
138,△,2026-12-01 17:00,88.4,令和８年度海外商標対策支援助成事業,東京都,300名以下,5000000,地域条件は通るが、ROOOMTECHとの事業適合性・応募者要件を詳細確認,適合性,a0WJ200000CDYR2MAP,https://www.jgrants-portal.go.jp/subsidy/a0WJ200000CDYR2MAP
139,×,2026-12-01 17:15,88.4,【農林水産省】中山間地域所得確保推進事業,全国,従業員数の制約なし,5000000,農業関係者向け,対象者,a0WJ200000CDYDCMA5,https://www.jgrants-portal.go.jp/subsidy/a0WJ200000CDYDCMA5
140,△,2026-12-03 12:00,90.2,令和８年度ゼロエミッション船等の導入支援事業,全国,従業員数の制約なし,0,事業テーマは関連するが、個別要件の確認が必要,追加要件,a0WJ200000CDbyjMAD,https://www.jgrants-portal.go.jp/subsidy/a0WJ200000CDbyjMAD
141,△,2026-12-14 17:00,101.4,【令和８年度】INPIT外国出願補助金（中間手続補助）,全国,300名以下,500000,地域条件は通るが、ROOOMTECHとの事業適合性・応募者要件を詳細確認,適合性,a0WJ200000CDXmVMAX,https://www.jgrants-portal.go.jp/subsidy/a0WJ200000CDXmVMAX
142,○,2026-12-17 17:00,104.4,中小企業人材確保のための奨学金返還支援事業【令和８年度企業登録】,東京都,従業員数の制約なし,0,基本属性と事業テーマが合致。公募要領の最終要件確認後に申請準備,候補,a0WJ200000CDX1KMAX,https://www.jgrants-portal.go.jp/subsidy/a0WJ200000CDX1KMAX
143,△,2026-12-18 15:00,105.3,【令和８年度】ＰＣＢ汚染変圧器高効率化補助金,全国,従業員数の制約なし,1000000,地域条件は通るが、ROOOMTECHとの事業適合性・応募者要件を詳細確認,適合性,a0WJ200000CDYC7MAP,https://www.jgrants-portal.go.jp/subsidy/a0WJ200000CDYC7MAP
144,△,2026-12-18 17:00,105.4,INPIT事業再編計画支援事業補助金（令和８年度）,全国,901名以上,6500000,地域条件は通るが、ROOOMTECHとの事業適合性・応募者要件を詳細確認,適合性,a0WJ200000CDYBxMAP,https://www.jgrants-portal.go.jp/subsidy/a0WJ200000CDYBxMAP
145,×,2026-12-18 17:00,105.4,【徳島県】令和８年度_中小企業等海外展開支援事業費補助金（海外出願支援事業）,徳島県,300名以下,3000000,対象地域が徳島県で、確認済み本店・事業拠点条件に合わない,地域,a0WJ200000CDdicMAD,https://www.jgrants-portal.go.jp/subsidy/a0WJ200000CDdicMAD
146,×,2026-12-25 11:00,112.2,【福岡県宗像市】令和8年度 宗像市がんばる中小企業者応援補助金,福岡県,300名以下,0,対象地域が福岡県で、確認済み本店・事業拠点条件に合わない,地域,a0WJ200000CDddbMAD,https://www.jgrants-portal.go.jp/subsidy/a0WJ200000CDddbMAD
147,×,2026-12-25 11:00,112.2,【福岡県宗像市】令和8年度 宗像市創業応援補助金（“宗業”者応援補助金）,福岡県,従業員数の制約なし,0,対象地域が福岡県で、確認済み本店・事業拠点条件に合わない,地域,a0WJ200000CDddaMAD,https://www.jgrants-portal.go.jp/subsidy/a0WJ200000CDddaMAD
148,×,2026-12-25 11:00,112.2,【福岡県宗像市】令和8年度 食のまち宗像推進補助金,福岡県,従業員数の制約なし,0,対象地域が福岡県で、確認済み本店・事業拠点条件に合わない,地域,a0WJ200000CDddZMAT,https://www.jgrants-portal.go.jp/subsidy/a0WJ200000CDddZMAT
149,△,2026-12-25 17:00,112.4,既存住宅流通活性化緊急促進事業,北海道 / 宮城県 / 茨城県 / 埼玉県 / 千葉県 / 東京都 / 神奈川県 / 愛知県 / 滋賀県 / 京都府 / 大阪府 / 兵庫県 / 広島県 / 福岡県 / 佐賀県,従業員数の制約なし,158000000,地域条件は通るが、ROOOMTECHとの事業適合性・応募者要件を詳細確認,適合性,a0WJ200000CDY2TMAX,https://www.jgrants-portal.go.jp/subsidy/a0WJ200000CDY2TMAX
150,×,2026-12-25 17:15,112.4,【山形県】令和8年度地域主導型再生可能エネルギー導入支援事業費補助金,山形県,従業員数の制約なし,240000,対象地域が山形県で、確認済み本店・事業拠点条件に合わない,地域,a0WJ200000CDddXMAT,https://www.jgrants-portal.go.jp/subsidy/a0WJ200000CDddXMAT
151,×,2026-12-25 17:15,112.4,【山形県】令和8年度山形県再生可能エネルギー(小水力発電)事業可能性調査事業費補助金,山形県,従業員数の制約なし,750000,対象地域が山形県で、確認済み本店・事業拠点条件に合わない,地域,a0WJ200000CDddWMAT,https://www.jgrants-portal.go.jp/subsidy/a0WJ200000CDddWMAT
152,△,2026-12-25 23:59,112.7,令和８年度　観光産業の活性化促進事業補助金,東京都,従業員数の制約なし,25000000,事業テーマは関連するが、個別要件の確認が必要,追加要件,a0WJ200000CDdfpMAD,https://www.jgrants-portal.go.jp/subsidy/a0WJ200000CDdfpMAD
153,△,2026-12-25 23:59,112.7,令和８度誰もが楽しめる自然体験型観光推進事業補助金,東京都,従業員数の制約なし,5000000,事業テーマは関連するが、個別要件の確認が必要,追加要件,a0WJ200000CDYUlMAP,https://www.jgrants-portal.go.jp/subsidy/a0WJ200000CDYUlMAP
154,×,2026-12-28 17:00,115.4,【久留米市】中小企業先端設備等導入支援補助金（令和8年度）,福岡県,300名以下,5000000,対象地域が福岡県で、確認済み本店・事業拠点条件に合わない,地域,a0WJ200000CDbPLMA1,https://www.jgrants-portal.go.jp/subsidy/a0WJ200000CDbPLMA1
155,△,2026-12-28 17:00,115.4,【経済産業省】ものづくり・商業・サービス生産性向上促進補助金（20次締切）,全国,従業員数の制約なし,35000000,事業テーマは関連するが、個別要件の確認が必要,追加要件,a0WJ200000CDVkeMAH,https://www.jgrants-portal.go.jp/subsidy/a0WJ200000CDVkeMAH
156,×,2026-12-28 17:00,115.4,農林水産物認証取得支援事業（水産認証取得支援事業）補助金,東京都,従業員数の制約なし,0,農業関係者向け,対象者,a0W2x000007CStOEAW,https://www.jgrants-portal.go.jp/subsidy/a0W2x000007CStOEAW
157,×,2026-12-28 17:00,115.4,農林水産物認証取得支援事業（農家認証取得支援事業）補助金,東京都,従業員数の制約なし,0,農業関係者向け,対象者,a0W2x000007CStEEAW,https://www.jgrants-portal.go.jp/subsidy/a0W2x000007CStEEAW
158,×,2026-12-28 17:15,115.4,【久留米市】久留米市キッチンカー導入事業費補助金（令和８年度）,福岡県,従業員数の制約なし,300000,対象地域が福岡県で、確認済み本店・事業拠点条件に合わない,地域,a0WJ200000CDYTvMAP,https://www.jgrants-portal.go.jp/subsidy/a0WJ200000CDYTvMAP
159,×,2026-12-28 17:15,115.4,【久留米市】久留米市小規模事業者デジタル化支援補助金（令和８年度）,福岡県,20名以下,200000,対象地域が福岡県で、確認済み本店・事業拠点条件に合わない,地域,a0WJ200000CDbpCMAT,https://www.jgrants-portal.go.jp/subsidy/a0WJ200000CDbpCMAT
160,△,2026-12-28 17:15,115.4,【倉敷市】実証実験サポート事業,全国,従業員数の制約なし,500000,事業テーマは関連するが、個別要件の確認が必要,追加要件,a0WJ200000CDY6KMAX,https://www.jgrants-portal.go.jp/subsidy/a0WJ200000CDY6KMAX
161,△,2026-12-28 23:45,115.7,令和８年度フィンテック企業に対する海外進出支援事業 海外展示会共同出展,東京都,従業員数の制約なし,0,地域条件は通るが、ROOOMTECHとの事業適合性・応募者要件を詳細確認,適合性,a0WJ200000CDYUPMA5,https://www.jgrants-portal.go.jp/subsidy/a0WJ200000CDYUPMA5
162,△,2026-12-28 23:45,115.7,令和８年度フィンテック企業に対する海外進出支援事業補助金,東京都,従業員数の制約なし,3000000,地域条件は通るが、ROOOMTECHとの事業適合性・応募者要件を詳細確認,適合性,a0WJ200000CDYUQMA5,https://www.jgrants-portal.go.jp/subsidy/a0WJ200000CDYUQMA5
163,△,2026-12-28 23:59,115.7,在宅人工呼吸器使用難病患者非常用電源設備整備事業補助金,全国,従業員数の制約なし,0,地域条件は通るが、ROOOMTECHとの事業適合性・応募者要件を詳細確認,適合性,a0WJ200000CDHQZMA5,https://www.jgrants-portal.go.jp/subsidy/a0WJ200000CDHQZMA5
164,×,2026-12-29 00:00,115.7,【久留米市】中小企業止水板等設置事業費補助金（令和8年度）,福岡県,従業員数の制約なし,500000,対象地域が福岡県で、確認済み本店・事業拠点条件に合わない,地域,a0WJ200000CDYZ7MAP,https://www.jgrants-portal.go.jp/subsidy/a0WJ200000CDYZ7MAP
165,△,2026-12-31 00:00,117.7,令和７年度ＮＢＣ災害・テロ対策設備整備補助事業,東京都,従業員数の制約なし,33762000,地域条件は通るが、ROOOMTECHとの事業適合性・応募者要件を詳細確認,適合性,a0WJ200000CDQuHMAX,https://www.jgrants-portal.go.jp/subsidy/a0WJ200000CDQuHMAX
166,△,2026-12-31 23:59,118.7,女性の活躍推進に向けた職場環境改善奨励金　変更届,東京都,300名以下,1800000,事業テーマは関連するが、個別要件の確認が必要,追加要件,a0WJ200000CDbYvMAL,https://www.jgrants-portal.go.jp/subsidy/a0WJ200000CDbYvMAL
167,△,2026-12-31 23:59,118.7,女性活躍情報公開促進奨励金　変更届,東京都,100名以下,200000,地域条件は通るが、ROOOMTECHとの事業適合性・応募者要件を詳細確認,適合性,a0WJ200000CDbYuMAL,https://www.jgrants-portal.go.jp/subsidy/a0WJ200000CDbYuMAL
168,△,2026-12-31 23:59,118.7,建築ＧＸ・ＤX推進事業（令和８年度）【代表事業者及び事業者の登録】,全国,従業員数の制約なし,0,地域条件は通るが、ROOOMTECHとの事業適合性・応募者要件を詳細確認,適合性,a0WJ200000CDY7KMAX,https://www.jgrants-portal.go.jp/subsidy/a0WJ200000CDY7KMAX
169,○,2027-01-14 23:59,132.7,中小企業の外国人従業員に対する研修等支援助成金（ウクライナ避難民採用企業コース）,東京都,従業員数の制約なし,500000,基本属性と事業テーマが合致。公募要領の最終要件確認後に申請準備,候補,a0WJ200000CDK7OMAX,https://www.jgrants-portal.go.jp/subsidy/a0WJ200000CDK7OMAX
170,○,2027-01-14 23:59,132.7,中小企業の外国人従業員に対する研修等支援助成金（一般コース）,東京都,300名以下,250000,基本属性と事業テーマが合致。公募要領の最終要件確認後に申請準備,候補,a0WJ200000CDK7NMAX,https://www.jgrants-portal.go.jp/subsidy/a0WJ200000CDK7NMAX
171,○,2027-01-14 23:59,132.7,令和8年度 中小企業の外国人従業員に対する研修等支援助成金（ウクライナ避難民採用企業コース）,東京都,従業員数の制約なし,500000,基本属性と事業テーマが合致。公募要領の最終要件確認後に申請準備,候補,a0WJ200000CDe4nMAD,https://www.jgrants-portal.go.jp/subsidy/a0WJ200000CDe4nMAD
172,○,2027-01-14 23:59,132.7,令和8年度 中小企業の外国人従業員に対する研修等支援助成金（一般コース）,東京都,300名以下,250000,基本属性と事業テーマが合致。公募要領の最終要件確認後に申請準備,候補,a0WJ200000CDe4iMAD,https://www.jgrants-portal.go.jp/subsidy/a0WJ200000CDe4iMAD
173,△,2027-01-15 23:59,133.7,令和７年度補正予算　商用車等の電動化促進事業,全国,従業員数の制約なし,17500000000,地域条件は通るが、ROOOMTECHとの事業適合性・応募者要件を詳細確認,適合性,a0WJ200000CDWZ9MAP,https://www.jgrants-portal.go.jp/subsidy/a0WJ200000CDWZ9MAP
174,△,2027-01-28 17:00,146.4,高度安全機械等導入支援補助金,全国,300名以下,0,地域条件は通るが、ROOOMTECHとの事業適合性・応募者要件を詳細確認,適合性,a0WJ200000CDYq2MAH,https://www.jgrants-portal.go.jp/subsidy/a0WJ200000CDYq2MAH
175,△,2027-01-29 00:00,146.7,令和８年度における都型放課後等デイサービス事業補助金,東京都,従業員数の制約なし,443200,地域条件は通るが、ROOOMTECHとの事業適合性・応募者要件を詳細確認,適合性,a0WJ200000CDa1RMAT,https://www.jgrants-portal.go.jp/subsidy/a0WJ200000CDa1RMAT
176,△,2027-01-29 17:00,147.4,ゼロエミッション実現に向けた経営推進支援事業 助成金,東京都,900名以下,15000000,事業テーマは関連するが、個別要件の確認が必要,追加要件,a0W5h00000ZuemGEAR,https://www.jgrants-portal.go.jp/subsidy/a0W5h00000ZuemGEAR
177,△,2027-01-29 17:00,147.4,令和７年度（補正）　商用車等の電動化促進事業（建設機械）,全国 / 北海道 / 青森県 / 岩手県 / 宮城県 / 秋田県 / 山形県 / 福島県 / 茨城県 / 栃木県 / 群馬県 / 埼玉県 / 千葉県 / 東京都 / 神奈川県 / 新潟県 / 山梨県 / 長野県 / 富山県 / 石川県 / 福井県 / 岐阜県 / 静岡県 / 愛知県 / 三重県 / 滋賀県 / 京都府 / 大阪府 / 兵庫県 / 奈良県 / 和歌山県 / 鳥取県 / 島根県 / 岡山県 / 広島県 / 山口県 / 徳島県 / 香川県 / 愛媛県 / 高知県 / 福岡県 / 佐賀県 / 長崎県 / 熊本県 / 大分県 / 宮崎県 / 鹿児島県 / 沖縄県,従業員数の制約なし,1431000000,地域条件は通るが、ROOOMTECHとの事業適合性・応募者要件を詳細確認,適合性,a0WJ200000CDXRpMAP,https://www.jgrants-portal.go.jp/subsidy/a0WJ200000CDXRpMAP
178,△,2027-01-29 17:00,147.4,令和８年度子育て【宅配ボックス】,全国,従業員数の制約なし,0,地域条件は通るが、ROOOMTECHとの事業適合性・応募者要件を詳細確認,適合性,a0WJ200000CDYSPMA5,https://www.jgrants-portal.go.jp/subsidy/a0WJ200000CDYSPMA5
179,×,2027-01-29 17:15,147.4,熊谷市中小企業SDGs経営・ジギョケイ策定支援奨励金,埼玉県,従業員数の制約なし,0,対象地域が埼玉県で、確認済み本店・事業拠点条件に合わない,地域,a0WJ200000CDXH1MAP,https://www.jgrants-portal.go.jp/subsidy/a0WJ200000CDXH1MAP
180,△,2027-01-29 18:00,147.5,【令和８年度】ハイブリッド及び天然ガストラック・バス導入支援事業（環境配慮型先進トラック・バス導入加速事業）,全国,従業員数の制約なし,0,事業テーマは関連するが、個別要件の確認が必要,追加要件,a0WJ200000CDdPBMA1,https://www.jgrants-portal.go.jp/subsidy/a0WJ200000CDdPBMA1
181,△,2027-01-29 23:59,147.7,デジタル証券（セキュリティトークン）市場拡大促進事業補助金,東京都,従業員数の制約なし,7500000,事業テーマは関連するが、個別要件の確認が必要,追加要件,a0WJ200000CDMSsMAP,https://www.jgrants-portal.go.jp/subsidy/a0WJ200000CDMSsMAP
182,△,2027-01-29 23:59,147.7,令和8年度_低炭素型ディーゼルトラック普及加速化事業,全国,従業員数の制約なし,0,地域条件は通るが、ROOOMTECHとの事業適合性・応募者要件を詳細確認,適合性,a0WJ200000CDZDCMA5,https://www.jgrants-portal.go.jp/subsidy/a0WJ200000CDZDCMA5
183,△,2027-01-30 00:00,147.7,令和８年度フィンテック企業等に対するイノベーション支援事業（金融サービス事業化支援補助金）,東京都,従業員数の制約なし,4000000,地域条件は通るが、ROOOMTECHとの事業適合性・応募者要件を詳細確認,適合性,a0WJ200000CDMQvMAP,https://www.jgrants-portal.go.jp/subsidy/a0WJ200000CDMQvMAP
184,△,2027-01-31 23:59,149.7,岡崎ものづくり支援補助金（プラットフォーム活用事業）,愛知県,従業員数の制約なし,500000,愛知県に関連施設はあるが、制度上の事業所要件を要確認,地域,a0WJ200000CDYW6MAP,https://www.jgrants-portal.go.jp/subsidy/a0WJ200000CDYW6MAP
185,△,2027-01-31 23:59,149.7,岡崎ものづくり支援補助金（依頼試験事業）,愛知県,従業員数の制約なし,500000,愛知県に関連施設はあるが、制度上の事業所要件を要確認,地域,a0WJ200000CDYW3MAP,https://www.jgrants-portal.go.jp/subsidy/a0WJ200000CDYW3MAP
186,△,2027-01-31 23:59,149.7,岡崎ものづくり支援補助金（共同研究事業）,愛知県,従業員数の制約なし,500000,愛知県に関連施設はあるが、制度上の事業所要件を要確認,地域,a0WJ200000CDYW2MAP,https://www.jgrants-portal.go.jp/subsidy/a0WJ200000CDYW2MAP
187,△,2027-01-31 23:59,149.7,岡崎ものづくり支援補助金（新製品共創事業）,愛知県,従業員数の制約なし,300000,愛知県に関連施設はあるが、制度上の事業所要件を要確認,地域,a0WJ200000CDYW7MAP,https://www.jgrants-portal.go.jp/subsidy/a0WJ200000CDYW7MAP
188,△,2027-01-31 23:59,149.7,岡崎ものづくり支援補助金（知的財産権取得事業）,愛知県,従業員数の制約なし,300000,愛知県に関連施設はあるが、制度上の事業所要件を要確認,地域,a0WJ200000CDYW5MAP,https://www.jgrants-portal.go.jp/subsidy/a0WJ200000CDYW5MAP
189,×,2027-02-01 17:15,150.4,【大阪府和泉市】再エネ・省エネ機器設置促進事業補助金（事業者用）,大阪府,従業員数の制約なし,0,対象地域が大阪府で、確認済み本店・事業拠点条件に合わない,地域,a0WJ200000CDYvPMAX,https://www.jgrants-portal.go.jp/subsidy/a0WJ200000CDYvPMAX
190,△,2027-02-05 23:59,154.7,令和8年度テレワークトータルサポート助成金,東京都,従業員数の制約なし,2500000,地域条件は通るが、ROOOMTECHとの事業適合性・応募者要件を詳細確認,適合性,a0WJ200000CDYyhMAH,https://www.jgrants-portal.go.jp/subsidy/a0WJ200000CDYyhMAH
191,△,2027-02-05 23:59,154.7,令和８年度乗降用リフト装置付バス利用支援補助金,東京都,従業員数の制約なし,50000,地域条件は通るが、ROOOMTECHとの事業適合性・応募者要件を詳細確認,適合性,a0WJ200000CDYUkMAP,https://www.jgrants-portal.go.jp/subsidy/a0WJ200000CDYUkMAP
192,×,2027-02-19 17:00,168.4,自立・帰還支援雇用創出企業立地補助金（商業施設等復興整備補助事業）（十一次公募）,福島県,従業員数の制約なし,500000000,対象地域が福島県で、確認済み本店・事業拠点条件に合わない,地域,a0WJ200000CDdMCMA1,https://www.jgrants-portal.go.jp/subsidy/a0WJ200000CDdMCMA1
193,×,2027-02-26 17:00,175.4,【堺市】余剰電力等活用型太陽光発電設備整備事業（堺エネルギー地産地消プロジェクト推進事業補助金）,大阪府,従業員数の制約なし,0,対象地域が大阪府で、確認済み本店・事業拠点条件に合わない,地域,a0WJ200000CDYCmMAP,https://www.jgrants-portal.go.jp/subsidy/a0WJ200000CDYCmMAP
194,×,2027-02-26 17:00,175.4,令和8年度　農林水産物認証取得支援事業（森林認証取得支援事業）補助金,東京都,従業員数の制約なし,400000,農業関係者向け,対象者,a0WJ200000CDY5VMAX,https://www.jgrants-portal.go.jp/subsidy/a0WJ200000CDY5VMAX
195,△,2027-02-26 17:00,175.4,令和８年度子育て【建設型】初年度,全国,従業員数の制約なし,0,地域条件は通るが、ROOOMTECHとの事業適合性・応募者要件を詳細確認,適合性,a0WJ200000CDYSAMA5,https://www.jgrants-portal.go.jp/subsidy/a0WJ200000CDYSAMA5
196,△,2027-02-26 17:00,175.4,令和８年度子育て【改修型】,全国,従業員数の制約なし,0,地域条件は通るが、ROOOMTECHとの事業適合性・応募者要件を詳細確認,適合性,a0WJ200000CDYSFMA5,https://www.jgrants-portal.go.jp/subsidy/a0WJ200000CDYSFMA5
197,×,2027-02-26 17:00,175.4,小樽市省エネルギー診断補助金,北海道,従業員数の制約なし,50000,対象地域が北海道で、確認済み本店・事業拠点条件に合わない,地域,a0WJ200000CDbyyMAD,https://www.jgrants-portal.go.jp/subsidy/a0WJ200000CDbyyMAD
198,×,2027-02-26 17:00,175.4,松戸市事業用省エネルギー設備等導入促進事業費補助金,千葉県,従業員数の制約なし,0,対象地域が千葉県で、確認済み本店・事業拠点条件に合わない,地域,a0WJ200000CDddUMAT,https://www.jgrants-portal.go.jp/subsidy/a0WJ200000CDddUMAT
199,×,2027-02-26 23:59,175.7,令和8年度　育児・介護との両立のためのテレワーク活用促進奨励金,東京都,300名以下,300000,介護・福祉事業者向け,対象者,a0WJ200000CDap3MAD,https://www.jgrants-portal.go.jp/subsidy/a0WJ200000CDap3MAD
200,△,2027-02-26 23:59,175.7,令和８年度サテライトオフィス勤務導入奨励金,東京都,従業員数の制約なし,100000,地域条件は通るが、ROOOMTECHとの事業適合性・応募者要件を詳細確認,適合性,a0WJ200000CDYa0MAH,https://www.jgrants-portal.go.jp/subsidy/a0WJ200000CDYa0MAH
201,△,2027-02-26 23:59,175.7,令和８年度テレワーク定着強化奨励金,東京都,従業員数の制約なし,400000,地域条件は通るが、ROOOMTECHとの事業適合性・応募者要件を詳細確認,適合性,a0WJ200000CDYaAMAX,https://www.jgrants-portal.go.jp/subsidy/a0WJ200000CDYaAMAX
202,△,2027-02-26 23:59,175.7,令和８年度ワーケーション勤務導入奨励金,東京都,従業員数の制約なし,100000,地域条件は通るが、ROOOMTECHとの事業適合性・応募者要件を詳細確認,適合性,a0WJ200000CDYa5MAH,https://www.jgrants-portal.go.jp/subsidy/a0WJ200000CDYa5MAH
203,△,2027-02-26 23:59,175.7,東京都民間事業者に係る低公害・低燃費車導入促進補助金（補助金申請）,東京都,従業員数の制約なし,200000,地域条件は通るが、ROOOMTECHとの事業適合性・応募者要件を詳細確認,適合性,a0WJ200000CDK76MAH,https://www.jgrants-portal.go.jp/subsidy/a0WJ200000CDK76MAH
204,×,2027-02-28 17:00,177.4,令和8年度岸和田市「市内丸ごとラボ」実証事業推進補助金,大阪府,従業員数の制約なし,1000000,対象地域が大阪府で、確認済み本店・事業拠点条件に合わない,地域,a0WJ200000CDYvQMAX,https://www.jgrants-portal.go.jp/subsidy/a0WJ200000CDYvQMAX
205,×,2027-02-28 17:15,177.4,【飯塚市】令和8年度外国人材受入環境整備事業費補助金,福岡県,従業員数の制約なし,150000,対象地域が福岡県で、確認済み本店・事業拠点条件に合わない,地域,a0WJ200000CDXk9MAH,https://www.jgrants-portal.go.jp/subsidy/a0WJ200000CDXk9MAH
206,×,2027-02-28 23:59,177.7,【長野県茅野市】製造業等労務環境改善・競争力強化促進補助金,長野県,300名以下,0,対象地域が長野県で、確認済み本店・事業拠点条件に合わない,地域,a0WJ200000CDY1VMAX,https://www.jgrants-portal.go.jp/subsidy/a0WJ200000CDY1VMAX
207,×,2027-02-28 23:59,177.7,令和8年度 バス事業者人材開発支援奨励金,東京都,300名以下,1900000,特定運輸事業者向け,対象者,a0WJ200000CDYnpMAH,https://www.jgrants-portal.go.jp/subsidy/a0WJ200000CDYnpMAH
208,△,2027-02-28 23:59,177.7,令和６年度補正予算　商用車等の電動化促進事業,全国,従業員数の制約なし,29500000000,地域条件は通るが、ROOOMTECHとの事業適合性・応募者要件を詳細確認,適合性,a0WJ200000CDL8JMAX,https://www.jgrants-portal.go.jp/subsidy/a0WJ200000CDL8JMAX
209,△,2027-02-28 23:59,177.7,女性の活躍推進に向けた職場環境改善奨励金　中止届,東京都,300名以下,1800000,事業テーマは関連するが、個別要件の確認が必要,追加要件,a0WJ200000CDbYyMAL,https://www.jgrants-portal.go.jp/subsidy/a0WJ200000CDbYyMAL
210,×,2027-02-28 23:59,177.7,松山港利用促進インセンティブ補助金（荷主向け）,愛媛県,従業員数の制約なし,0,対象地域が愛媛県で、確認済み本店・事業拠点条件に合わない,地域,a0WJ200000CDdm6MAD,https://www.jgrants-portal.go.jp/subsidy/a0WJ200000CDdm6MAD
211,△,2027-03-01 00:00,177.7,令和８年度スキルアップ支援事業,東京都,従業員数の制約なし,2500000,地域条件は通るが、ROOOMTECHとの事業適合性・応募者要件を詳細確認,適合性,a0WJ200000CDXEmMAP,https://www.jgrants-portal.go.jp/subsidy/a0WJ200000CDXEmMAP
212,△,2027-03-01 00:00,177.7,令和８年度資格取得サポート助成金,東京都,従業員数の制約なし,1000000,地域条件は通るが、ROOOMTECHとの事業適合性・応募者要件を詳細確認,適合性,a0WJ200000CDXMiMAP,https://www.jgrants-portal.go.jp/subsidy/a0WJ200000CDXMiMAP
213,×,2027-03-01 17:15,178.4,川越市中小企業者等物価高騰対策経営改善支援金,埼玉県,従業員数の制約なし,100000,対象地域が埼玉県で、確認済み本店・事業拠点条件に合わない,地域,a0WJ200000CDY6GMAX,https://www.jgrants-portal.go.jp/subsidy/a0WJ200000CDY6GMAX
214,△,2027-03-01 23:59,178.7,令和８年度金融機関と連携したサステナビリティ経営促進事業（ＳＬＬ／ＰＩＦ）,東京都,従業員数の制約なし,2000000,地域条件は通るが、ROOOMTECHとの事業適合性・応募者要件を詳細確認,適合性,a0WJ200000CDa42MAD,https://www.jgrants-portal.go.jp/subsidy/a0WJ200000CDa42MAD
215,×,2027-03-12 17:15,189.4,橿原市業務改善支援補助金,奈良県,300名以下,100000,対象地域が奈良県で、確認済み本店・事業拠点条件に合わない,地域,a0WJ200000CDbyzMAD,https://www.jgrants-portal.go.jp/subsidy/a0WJ200000CDbyzMAD
216,×,2027-03-17 23:59,194.7,【長野県茅野市】受注及び販路開拓支援事業補助金,長野県,300名以下,0,対象地域が長野県で、確認済み本店・事業拠点条件に合わない,地域,a0WJ200000CDY1kMAH,https://www.jgrants-portal.go.jp/subsidy/a0WJ200000CDY1kMAH
217,△,2027-03-19 20:00,196.5,令和８年度SDGsファイナンス支援事業補助金(グリーンボンド/グリーンローン),全国,従業員数の制約なし,2000000,地域条件は通るが、ROOOMTECHとの事業適合性・応募者要件を詳細確認,適合性,a0WJ200000CDd5XMAT,https://www.jgrants-portal.go.jp/subsidy/a0WJ200000CDd5XMAT
218,△,2027-03-19 20:00,196.5,令和８年度SDGsファイナンス支援事業補助金(ソーシャルボンド/ソーシャルローン),全国,従業員数の制約なし,3000000,地域条件は通るが、ROOOMTECHとの事業適合性・応募者要件を詳細確認,適合性,a0WJ200000CDdA6MAL,https://www.jgrants-portal.go.jp/subsidy/a0WJ200000CDdA6MAL
219,△,2027-03-19 20:00,196.5,令和８年度SDGsファイナンス支援事業補助金(トランジションボンド/トランジションローン),全国,従業員数の制約なし,1000000,地域条件は通るが、ROOOMTECHとの事業適合性・応募者要件を詳細確認,適合性,a0WJ200000CDd9xMAD,https://www.jgrants-portal.go.jp/subsidy/a0WJ200000CDd9xMAD
220,△,2027-03-19 20:00,196.5,令和８年度SDGsファイナンス支援事業補助金(ブルーボンド/ブルーローン),全国,従業員数の制約なし,5000000,地域条件は通るが、ROOOMTECHとの事業適合性・応募者要件を詳細確認,適合性,a0WJ200000CDd9wMAD,https://www.jgrants-portal.go.jp/subsidy/a0WJ200000CDd9wMAD
221,△,2027-03-19 20:00,196.5,令和８年度SDGsファイナンス支援事業補助金(個人向けSDGs預金),全国,従業員数の制約なし,1000000,地域条件は通るが、ROOOMTECHとの事業適合性・応募者要件を詳細確認,適合性,a0WJ200000CDdABMA1,https://www.jgrants-portal.go.jp/subsidy/a0WJ200000CDdABMA1
222,△,2027-03-23 17:00,200.4,【経済産業省】ものづくり・商業・サービス生産性向上促進補助金（21次締切）,全国,従業員数の制約なし,40000000,事業テーマは関連するが、個別要件の確認が必要,追加要件,a0WJ200000CDX4vMAH,https://www.jgrants-portal.go.jp/subsidy/a0WJ200000CDX4vMAH
223,△,2027-03-31 00:00,207.7,令和８年度東京港物流効率化等事業補助金,全国,従業員数の制約なし,272000000,地域条件は通るが、ROOOMTECHとの事業適合性・応募者要件を詳細確認,適合性,a0WJ200000CDY72MAH,https://www.jgrants-portal.go.jp/subsidy/a0WJ200000CDY72MAH
224,×,2027-03-31 09:55,208.1,【飯塚市】令和8年度海外展開支援事業費補助金,福岡県,300名以下,100000,対象地域が福岡県で、確認済み本店・事業拠点条件に合わない,地域,a0WJ200000CDXk8MAH,https://www.jgrants-portal.go.jp/subsidy/a0WJ200000CDXk8MAH
225,△,2027-03-31 12:00,208.2,民放ラジオ難聴解消支援事業（令和８年度公募）,全国,従業員数の制約なし,0,地域条件は通るが、ROOOMTECHとの事業適合性・応募者要件を詳細確認,適合性,a0WJ200000CDXENMA5,https://www.jgrants-portal.go.jp/subsidy/a0WJ200000CDXENMA5
226,△,2027-03-31 14:00,208.3,地上基幹放送等に関する耐災害性強化支援事業（令和８年度公募）,全国,従業員数の制約なし,0,地域条件は通るが、ROOOMTECHとの事業適合性・応募者要件を詳細確認,適合性,a0WJ200000CDXFjMAP,https://www.jgrants-portal.go.jp/subsidy/a0WJ200000CDXFjMAP
227,△,2027-03-31 16:00,208.4,【東海市】企業立地交付金（中小企業再投資交付金）,愛知県,従業員数の制約なし,0,愛知県に関連施設はあるが、制度上の事業所要件を要確認,地域,a0WJ200000CDYfeMAH,https://www.jgrants-portal.go.jp/subsidy/a0WJ200000CDYfeMAH
228,△,2027-03-31 16:00,208.4,【東海市】小規模企業等振興資金等信用保証料補助金,愛知県,300名以下,120000,愛知県に関連施設はあるが、制度上の事業所要件を要確認,地域,a0WJ200000CDYffMAH,https://www.jgrants-portal.go.jp/subsidy/a0WJ200000CDYffMAH
229,△,2027-03-31 16:00,208.4,【東海市】東海市企業立地交付金（工場等新設交付金）,愛知県,従業員数の制約なし,0,愛知県に関連施設はあるが、制度上の事業所要件を要確認,地域,a0WJ200000CDYfdMAH,https://www.jgrants-portal.go.jp/subsidy/a0WJ200000CDYfdMAH
230,△,2027-03-31 17:00,208.4,【内閣府】地方創生に資する利子補給制度（金融支援）,全国,従業員数の制約なし,0,地域条件は通るが、ROOOMTECHとの事業適合性・応募者要件を詳細確認,適合性,a0WJ200000CDYCrMAP,https://www.jgrants-portal.go.jp/subsidy/a0WJ200000CDYCrMAP
231,×,2027-03-31 17:00,208.4,【埼玉県】埼玉県民間事業者CO₂排出削減設備導入補助金（緊急対策枠）,埼玉県,300名以下,5000000,対象地域が埼玉県で、確認済み本店・事業拠点条件に合わない,地域,a0WJ200000CDYUXMA5,https://www.jgrants-portal.go.jp/subsidy/a0WJ200000CDYUXMA5
232,△,2027-03-31 17:00,208.4,【愛知県大府市】2026年度大府市カーボンニュートラル推進生産設備導入支援補助金（ユーティリティ設備）,愛知県,従業員数の制約なし,1000000,愛知県に関連施設はあるが、制度上の事業所要件を要確認,地域,a0WJ200000CDZz6MAH,https://www.jgrants-portal.go.jp/subsidy/a0WJ200000CDZz6MAH
233,△,2027-03-31 17:00,208.4,【愛知県大府市】大府市産業立地の奨励措置,愛知県,従業員数の制約なし,0,愛知県に関連施設はあるが、制度上の事業所要件を要確認,地域,a0WJ200000CDZz2MAH,https://www.jgrants-portal.go.jp/subsidy/a0WJ200000CDZz2MAH
234,×,2027-03-31 17:00,208.4,がんばろう赤磐中小企業省エネ設備更新支援補助金,岡山県,900名以下,0,対象地域が岡山県で、確認済み本店・事業拠点条件に合わない,地域,a0WJ200000CDdtHMAT,https://www.jgrants-portal.go.jp/subsidy/a0WJ200000CDdtHMAT
235,△,2027-03-31 17:00,208.4,令和8年度省エネ型VOC排出削減設備導入促進事業,東京都,300名以下,20000000,事業テーマは関連するが、個別要件の確認が必要,追加要件,a0WJ200000CDY9gMAH,https://www.jgrants-portal.go.jp/subsidy/a0WJ200000CDY9gMAH
236,△,2027-03-31 17:00,208.4,休廃止鉱山の鉱害防止に係るエネルギー使用合理化事業費補助金（令和８年度）【中国監督部】,全国,従業員数の制約なし,80000000,地域条件は通るが、ROOOMTECHとの事業適合性・応募者要件を詳細確認,適合性,a0WJ200000CDYvnMAH,https://www.jgrants-portal.go.jp/subsidy/a0WJ200000CDYvnMAH
237,△,2027-03-31 17:00,208.4,休廃止鉱山の鉱害防止に係るエネルギー使用合理化事業費補助金（令和８年度）【北海道監督部】,全国,従業員数の制約なし,80000000,地域条件は通るが、ROOOMTECHとの事業適合性・応募者要件を詳細確認,適合性,a0WJ200000CDYviMAH,https://www.jgrants-portal.go.jp/subsidy/a0WJ200000CDYviMAH
238,×,2027-03-31 17:00,208.4,古賀市温室効果ガス排出量可視化システム導入費補助金,福岡県,従業員数の制約なし,150000,対象地域が福岡県で、確認済み本店・事業拠点条件に合わない,地域,a0WJ200000CDYfwMAH,https://www.jgrants-portal.go.jp/subsidy/a0WJ200000CDYfwMAH
239,△,2027-03-31 17:00,208.4,地上基幹放送ネットワーク整備等事業（令和７年度補正予算及び令和８年度当初予算）,全国,従業員数の制約なし,0,地域条件は通るが、ROOOMTECHとの事業適合性・応募者要件を詳細確認,適合性,a0WJ200000CDXORMA5,https://www.jgrants-portal.go.jp/subsidy/a0WJ200000CDXORMA5
240,△,2027-03-31 17:00,208.4,多摩市ふるさと納税を活用した資金調達支援事業補助金,東京都,従業員数の制約なし,0,補助金ではなく委託・調達型公募の可能性。受託要件を確認,公募種別,a0WJ200000CDYvXMAX,https://www.jgrants-portal.go.jp/subsidy/a0WJ200000CDYvXMAX
241,×,2027-03-31 17:00,208.4,小郡市企業立地優遇制度,福岡県,従業員数の制約なし,0,対象地域が福岡県で、確認済み本店・事業拠点条件に合わない,地域,a0WJ200000CDeTAMA1,https://www.jgrants-portal.go.jp/subsidy/a0WJ200000CDeTAMA1
242,×,2027-03-31 17:00,208.4,岸和田市オフィス誘致補助金,大阪府,従業員数の制約なし,0,対象地域が大阪府で、確認済み本店・事業拠点条件に合わない,地域,a0WJ200000CDYvRMAX,https://www.jgrants-portal.go.jp/subsidy/a0WJ200000CDYvRMAX
243,×,2027-03-31 17:15,208.4,橿原市起業等スタートアップ補助金,奈良県,300名以下,500000,対象地域が奈良県で、確認済み本店・事業拠点条件に合わない,地域,a0WJ200000CDbz0MAD,https://www.jgrants-portal.go.jp/subsidy/a0WJ200000CDbz0MAD
244,△,2027-03-31 18:00,208.5,休廃止鉱山鉱害防止等工事費補助金（令和７年度補正）【中国監督部】,全国,従業員数の制約なし,1123811000,地域条件は通るが、ROOOMTECHとの事業適合性・応募者要件を詳細確認,適合性,a0WJ200000CDY91MAH,https://www.jgrants-portal.go.jp/subsidy/a0WJ200000CDY91MAH
245,△,2027-03-31 18:00,208.5,休廃止鉱山鉱害防止等工事費補助金（令和７年度補正）【中部監督部】,全国,従業員数の制約なし,1123811000,地域条件は通るが、ROOOMTECHとの事業適合性・応募者要件を詳細確認,適合性,a0WJ200000CDY8DMAX,https://www.jgrants-portal.go.jp/subsidy/a0WJ200000CDY8DMAX
246,△,2027-03-31 18:00,208.5,休廃止鉱山鉱害防止等工事費補助金（令和７年度補正）【九州監督部】,全国,従業員数の制約なし,1123811000,地域条件は通るが、ROOOMTECHとの事業適合性・応募者要件を詳細確認,適合性,a0WJ200000CDY9BMAX,https://www.jgrants-portal.go.jp/subsidy/a0WJ200000CDY9BMAX
247,△,2027-03-31 18:00,208.5,休廃止鉱山鉱害防止等工事費補助金（令和７年度補正）【北海道監督部】,全国,従業員数の制約なし,1123811000,地域条件は通るが、ROOOMTECHとの事業適合性・応募者要件を詳細確認,適合性,a0WJ200000CDY7tMAH,https://www.jgrants-portal.go.jp/subsidy/a0WJ200000CDY7tMAH
248,△,2027-03-31 18:00,208.5,休廃止鉱山鉱害防止等工事費補助金（令和７年度補正）【四国支部】,全国,従業員数の制約なし,1123811000,地域条件は通るが、ROOOMTECHとの事業適合性・応募者要件を詳細確認,適合性,a0WJ200000CDY96MAH,https://www.jgrants-portal.go.jp/subsidy/a0WJ200000CDY96MAH
249,△,2027-03-31 18:00,208.5,休廃止鉱山鉱害防止等工事費補助金（令和７年度補正）【東北支部】,全国,従業員数の制約なし,1123811000,地域条件は通るが、ROOOMTECHとの事業適合性・応募者要件を詳細確認,適合性,a0WJ200000CDY7yMAH,https://www.jgrants-portal.go.jp/subsidy/a0WJ200000CDY7yMAH
250,△,2027-03-31 18:00,208.5,休廃止鉱山鉱害防止等工事費補助金（令和７年度補正）【近畿支部】,全国,従業員数の制約なし,1123811000,地域条件は通るが、ROOOMTECHとの事業適合性・応募者要件を詳細確認,適合性,a0WJ200000CDY89MAH,https://www.jgrants-portal.go.jp/subsidy/a0WJ200000CDY89MAH
251,△,2027-03-31 18:00,208.5,休廃止鉱山鉱害防止等工事費補助金（令和７年度補正）【関東監督部】,全国,従業員数の制約なし,1123811000,地域条件は通るが、ROOOMTECHとの事業適合性・応募者要件を詳細確認,適合性,a0WJ200000CDY88MAH,https://www.jgrants-portal.go.jp/subsidy/a0WJ200000CDY88MAH
252,△,2027-03-31 18:00,208.5,休廃止鉱山鉱害防止等工事費補助金（令和８年度当初）【中国監督部】,全国,従業員数の制約なし,2212849000,地域条件は通るが、ROOOMTECHとの事業適合性・応募者要件を詳細確認,適合性,a0WJ200000CDYuhMAH,https://www.jgrants-portal.go.jp/subsidy/a0WJ200000CDYuhMAH
253,△,2027-03-31 18:00,208.5,休廃止鉱山鉱害防止等工事費補助金（令和８年度当初）【中部監督部】,全国,従業員数の制約なし,2212849000,地域条件は通るが、ROOOMTECHとの事業適合性・応募者要件を詳細確認,適合性,a0WJ200000CDYuXMAX,https://www.jgrants-portal.go.jp/subsidy/a0WJ200000CDYuXMAX
254,△,2027-03-31 18:00,208.5,休廃止鉱山鉱害防止等工事費補助金（令和８年度当初）【九州監督部】,全国,従業員数の制約なし,2212849000,地域条件は通るが、ROOOMTECHとの事業適合性・応募者要件を詳細確認,適合性,a0WJ200000CDYurMAH,https://www.jgrants-portal.go.jp/subsidy/a0WJ200000CDYurMAH
255,△,2027-03-31 18:00,208.5,休廃止鉱山鉱害防止等工事費補助金（令和８年度当初）【北海道監督部】,全国,従業員数の制約なし,2212849000,地域条件は通るが、ROOOMTECHとの事業適合性・応募者要件を詳細確認,適合性,a0WJ200000CDYu3MAH,https://www.jgrants-portal.go.jp/subsidy/a0WJ200000CDYu3MAH
256,△,2027-03-31 18:00,208.5,休廃止鉱山鉱害防止等工事費補助金（令和８年度当初）【四国支部】,全国,従業員数の制約なし,2212849000,地域条件は通るが、ROOOMTECHとの事業適合性・応募者要件を詳細確認,適合性,a0WJ200000CDYumMAH,https://www.jgrants-portal.go.jp/subsidy/a0WJ200000CDYumMAH
257,△,2027-03-31 18:00,208.5,休廃止鉱山鉱害防止等工事費補助金（令和８年度当初）【東北支部】,全国,従業員数の制約なし,2212849000,地域条件は通るが、ROOOMTECHとの事業適合性・応募者要件を詳細確認,適合性,a0WJ200000CDYuIMAX,https://www.jgrants-portal.go.jp/subsidy/a0WJ200000CDYuIMAX
258,△,2027-03-31 18:00,208.5,休廃止鉱山鉱害防止等工事費補助金（令和８年度当初）【近畿支部】,全国,従業員数の制約なし,2212849000,地域条件は通るが、ROOOMTECHとの事業適合性・応募者要件を詳細確認,適合性,a0WJ200000CDYucMAH,https://www.jgrants-portal.go.jp/subsidy/a0WJ200000CDYucMAH
259,△,2027-03-31 18:00,208.5,休廃止鉱山鉱害防止等工事費補助金（令和８年度当初）【関東監督部】,全国,従業員数の制約なし,2212849000,地域条件は通るが、ROOOMTECHとの事業適合性・応募者要件を詳細確認,適合性,a0WJ200000CDYuSMAX,https://www.jgrants-portal.go.jp/subsidy/a0WJ200000CDYuSMAX
260,×,2027-03-31 23:45,208.7,深谷市中小企業者経営革新計画策定奨励金,埼玉県,300名以下,50000,対象地域が埼玉県で、確認済み本店・事業拠点条件に合わない,地域,a0WJ200000CDYCpMAP,https://www.jgrants-portal.go.jp/subsidy/a0WJ200000CDYCpMAP
261,×,2027-03-31 23:45,208.7,深谷市起業家支援事業補助金,埼玉県,300名以下,200000,対象地域が埼玉県で、確認済み本店・事業拠点条件に合わない,地域,a0WJ200000CDXqMMAX,https://www.jgrants-portal.go.jp/subsidy/a0WJ200000CDXqMMAX
262,×,2027-03-31 23:59,208.7,【三重県　鈴鹿市】令和8年度創業促進補助金,三重県,従業員数の制約なし,300000,対象地域が三重県で、確認済み本店・事業拠点条件に合わない,地域,a0WJ200000CDYsSMAX,https://www.jgrants-portal.go.jp/subsidy/a0WJ200000CDYsSMAX
263,×,2027-03-31 23:59,208.7,【令和８年度】医療機関等におけるマイナンバーカード利活用推進事業補助金,東京都,従業員数の制約なし,141000,医療機関等向け,対象者,a0WJ200000CDbHxMAL,https://www.jgrants-portal.go.jp/subsidy/a0WJ200000CDbHxMAL
264,×,2027-03-31 23:59,208.7,【福岡市】グリーンビル促進事業（都心部のオフィスビルなどへの緑化助成）,福岡県,従業員数の制約なし,30000000,対象地域が福岡県で、確認済み本店・事業拠点条件に合わない,地域,a0WJ200000CDYCnMAP,https://www.jgrants-portal.go.jp/subsidy/a0WJ200000CDYCnMAP
265,×,2027-03-31 23:59,208.7,【長野県茅野市】インターンシップ等促進事業補助金,長野県,従業員数の制約なし,0,対象地域が長野県で、確認済み本店・事業拠点条件に合わない,地域,a0WJ200000CDY1uMAH,https://www.jgrants-portal.go.jp/subsidy/a0WJ200000CDY1uMAH
266,×,2027-03-31 23:59,208.7,【長野県茅野市】中小企業人材育成等支援補助金,長野県,300名以下,0,対象地域が長野県で、確認済み本店・事業拠点条件に合わない,地域,a0WJ200000CDY1pMAH,https://www.jgrants-portal.go.jp/subsidy/a0WJ200000CDY1pMAH
267,×,2027-03-31 23:59,208.7,【長野県茅野市】中小企業振興補助金（商業関係）,長野県,従業員数の制約なし,0,対象地域が長野県で、確認済み本店・事業拠点条件に合わない,地域,a0WJ200000CDY1GMAX,https://www.jgrants-portal.go.jp/subsidy/a0WJ200000CDY1GMAX
268,×,2027-03-31 23:59,208.7,【長野県茅野市】新商品開発事業補助金,長野県,従業員数の制約なし,300000,対象地域が長野県で、確認済み本店・事業拠点条件に合わない,地域,a0WJ200000CDY1fMAH,https://www.jgrants-portal.go.jp/subsidy/a0WJ200000CDY1fMAH
269,×,2027-03-31 23:59,208.7,【長野県茅野市】特定創業者等支援奨励金（事業承継）,長野県,300名以下,100000,対象地域が長野県で、確認済み本店・事業拠点条件に合わない,地域,a0WJ200000CDY6dMAH,https://www.jgrants-portal.go.jp/subsidy/a0WJ200000CDY6dMAH
270,×,2027-03-31 23:59,208.7,【長野県茅野市】特定創業者等支援奨励金（特定創業者）,長野県,300名以下,100000,対象地域が長野県で、確認済み本店・事業拠点条件に合わない,地域,a0WJ200000CDY6cMAH,https://www.jgrants-portal.go.jp/subsidy/a0WJ200000CDY6cMAH
271,×,2027-03-31 23:59,208.7,【長野県茅野市】雇用促進奨励金,長野県,従業員数の制約なし,0,対象地域が長野県で、確認済み本店・事業拠点条件に合わない,地域,a0WJ200000CDY1zMAH,https://www.jgrants-portal.go.jp/subsidy/a0WJ200000CDY1zMAH
272,△,2027-03-31 23:59,208.7,京都型グローバル・ニッチ・トップ企業育成補助金,全国,従業員数の制約なし,100000000,地域条件は通るが、ROOOMTECHとの事業適合性・応募者要件を詳細確認,適合性,a0WJ200000CDXFgMAP,https://www.jgrants-portal.go.jp/subsidy/a0WJ200000CDXFgMAP
273,△,2027-03-31 23:59,208.7,京都市企業立地促進制度補助金［お試し立地支援制度］,全国,従業員数の制約なし,500000,地域条件は通るが、ROOOMTECHとの事業適合性・応募者要件を詳細確認,適合性,a0WJ200000CDXFiMAP,https://www.jgrants-portal.go.jp/subsidy/a0WJ200000CDXFiMAP
274,△,2027-03-31 23:59,208.7,京都市企業立地促進制度補助金［市内初進出支援制度］,全国,従業員数の制約なし,70000000,地域条件は通るが、ROOOMTECHとの事業適合性・応募者要件を詳細確認,適合性,a0WJ200000CDXFfMAP,https://www.jgrants-portal.go.jp/subsidy/a0WJ200000CDXFfMAP
275,△,2027-03-31 23:59,208.7,京都市企業立地促進制度補助金［本社・工場等新増設等支援制度］,全国,従業員数の制約なし,100000000,地域条件は通るが、ROOOMTECHとの事業適合性・応募者要件を詳細確認,適合性,a0WJ200000CDXFhMAP,https://www.jgrants-portal.go.jp/subsidy/a0WJ200000CDXFhMAP
276,×,2027-03-31 23:59,208.7,今治市企業立地促進奨励金,愛媛県,従業員数の制約なし,0,対象地域が愛媛県で、確認済み本店・事業拠点条件に合わない,地域,a0WJ200000CDb86MAD,https://www.jgrants-portal.go.jp/subsidy/a0WJ200000CDb86MAD
277,×,2027-03-31 23:59,208.7,今治市指定区域大規模用地取得奨励金,愛媛県,従業員数の制約なし,0,対象地域が愛媛県で、確認済み本店・事業拠点条件に合わない,地域,a0WJ200000CDb8CMAT,https://www.jgrants-portal.go.jp/subsidy/a0WJ200000CDb8CMAT
278,×,2027-03-31 23:59,208.7,今治市指定区域用地取得奨励金,愛媛県,従業員数の制約なし,500000000,対象地域が愛媛県で、確認済み本店・事業拠点条件に合わない,地域,a0WJ200000CDb8BMAT,https://www.jgrants-portal.go.jp/subsidy/a0WJ200000CDb8BMAT
279,×,2027-03-31 23:59,208.7,今治市設備投資奨励金,愛媛県,300名以下,10000000,対象地域が愛媛県で、確認済み本店・事業拠点条件に合わない,地域,a0WJ200000CDb8AMAT,https://www.jgrants-portal.go.jp/subsidy/a0WJ200000CDb8AMAT
280,×,2027-03-31 23:59,208.7,今治市賃貸借型企業立地奨励金（賃借料に対する奨励金）,愛媛県,従業員数の制約なし,18000000,対象地域が愛媛県で、確認済み本店・事業拠点条件に合わない,地域,a0WJ200000CDb87MAD,https://www.jgrants-portal.go.jp/subsidy/a0WJ200000CDb87MAD
281,×,2027-03-31 23:59,208.7,今治市賃貸借型企業立地奨励金（開設費用に対する奨励金）,愛媛県,従業員数の制約なし,5000000,対象地域が愛媛県で、確認済み本店・事業拠点条件に合わない,地域,a0WJ200000CDb88MAD,https://www.jgrants-portal.go.jp/subsidy/a0WJ200000CDb88MAD
282,×,2027-03-31 23:59,208.7,今治市雇用促進奨励金,愛媛県,従業員数の制約なし,100000000,対象地域が愛媛県で、確認済み本店・事業拠点条件に合わない,地域,a0WJ200000CDb89MAD,https://www.jgrants-portal.go.jp/subsidy/a0WJ200000CDb89MAD
283,△,2027-03-31 23:59,208.7,令和8年度職場内障害者サポーター事業,東京都,従業員数の制約なし,240000,地域条件は通るが、ROOOMTECHとの事業適合性・応募者要件を詳細確認,適合性,a0WJ200000CDY2OMAX,https://www.jgrants-portal.go.jp/subsidy/a0WJ200000CDY2OMAX
284,×,2027-03-31 23:59,208.7,令和６年度こどもDX推進に向けた医療機関等におけるマイナンバーカード利活用推進事業補助金,東京都,従業員数の制約なし,141000,医療機関等向け,対象者,a0WJ20000087jeOMAQ,https://www.jgrants-portal.go.jp/subsidy/a0WJ20000087jeOMAQ
285,×,2027-03-31 23:59,208.7,令和７年度こどもDX推進に向けた医療機関等におけるマイナンバーカード利活用推進事業補助金,東京都,従業員数の制約なし,141000,医療機関等向け,対象者,a0WJ200000CDRArMAP,https://www.jgrants-portal.go.jp/subsidy/a0WJ200000CDRArMAP
286,△,2027-03-31 23:59,208.7,令和８年_設備投資_事業完了後申請,茨城県 / 栃木県 / 群馬県 / 埼玉県 / 千葉県 / 東京都 / 神奈川県 / 山梨県,従業員数の制約なし,200000000,地域条件は通るが、ROOOMTECHとの事業適合性・応募者要件を詳細確認,適合性,a0WJ200000CDXoBMAX,https://www.jgrants-portal.go.jp/subsidy/a0WJ200000CDXoBMAX
287,×,2027-03-31 23:59,208.7,令和８年度介護休業取得応援奨励金,東京都,300名以下,550000,介護・福祉事業者向け,対象者,a0WJ200000CDa6IMAT,https://www.jgrants-portal.go.jp/subsidy/a0WJ200000CDa6IMAT
288,×,2027-03-31 23:59,208.7,令和８年度原子力発電施設等の周辺地域における大規模開発地区への企業立地促進事業費補助金,青森県,従業員数の制約なし,55000000,対象地域が青森県で、確認済み本店・事業拠点条件に合わない,地域,a0WJ200000CDacWMAT,https://www.jgrants-portal.go.jp/subsidy/a0WJ200000CDacWMAT
289,△,2027-03-31 23:59,208.7,岡崎ものづくり支援補助金（見本市等出展事業）,愛知県,従業員数の制約なし,300000,愛知県に関連施設はあるが、制度上の事業所要件を要確認,地域,a0WJ200000CDYW4MAP,https://www.jgrants-portal.go.jp/subsidy/a0WJ200000CDYW4MAP
290,△,2027-03-31 23:59,208.7,岡崎市中小企業事業資金保証料補助金,愛知県,300名以下,0,愛知県に関連施設はあるが、制度上の事業所要件を要確認,地域,a0WJ200000CDYVzMAP,https://www.jgrants-portal.go.jp/subsidy/a0WJ200000CDYVzMAP
291,△,2027-03-31 23:59,208.7,岡崎市企業再投資促進奨励金（県連携）,愛知県,従業員数の制約なし,1000000000,愛知県に関連施設はあるが、制度上の事業所要件を要確認,地域,a0WJ200000CDYW9MAP,https://www.jgrants-portal.go.jp/subsidy/a0WJ200000CDYW9MAP
292,△,2027-03-31 23:59,208.7,岡崎市創業資金保証料補助金,愛知県,300名以下,200000,愛知県に関連施設はあるが、制度上の事業所要件を要確認,地域,a0WJ200000CDYW0MAP,https://www.jgrants-portal.go.jp/subsidy/a0WJ200000CDYW0MAP
293,△,2027-03-31 23:59,208.7,岡崎市創業資金利子補給補助金,愛知県,300名以下,200000,愛知県に関連施設はあるが、制度上の事業所要件を要確認,地域,a0WJ200000CDYW1MAP,https://www.jgrants-portal.go.jp/subsidy/a0WJ200000CDYW1MAP
294,△,2027-03-31 23:59,208.7,岡崎市工場等（倉庫等）建設奨励金,愛知県,従業員数の制約なし,1000000000,愛知県に関連施設はあるが、制度上の事業所要件を要確認,地域,a0WJ200000CDYW8MAP,https://www.jgrants-portal.go.jp/subsidy/a0WJ200000CDYW8MAP
295,△,2027-03-31 23:59,208.7,岡崎市消費者向け製品製造工場等建設奨励金,愛知県,従業員数の制約なし,2500000000,愛知県に関連施設はあるが、制度上の事業所要件を要確認,地域,a0WJ200000CDYWAMA5,https://www.jgrants-portal.go.jp/subsidy/a0WJ200000CDYWAMA5
296,△,2027-03-31 23:59,208.7,岡崎市高度先端産業立地奨励金（県連携）,愛知県,従業員数の制約なし,1000000000,愛知県に関連施設はあるが、制度上の事業所要件を要確認,地域,a0WJ200000CDYWBMA5,https://www.jgrants-portal.go.jp/subsidy/a0WJ200000CDYWBMA5
297,△,2027-03-31 23:59,208.7,廃止石油坑井封鎖事業費補助金（令和8年度：関東東北産業保安監督部東北支部）,全国,従業員数の制約なし,133280000,地域条件は通るが、ROOOMTECHとの事業適合性・応募者要件を詳細確認,適合性,a0WJ200000CDYSUMA5,https://www.jgrants-portal.go.jp/subsidy/a0WJ200000CDYSUMA5
298,△,2027-03-31 23:59,208.7,廃止石油坑井封鎖事業費補助金（令和8年度：関東東北産業保安監督部）,全国,従業員数の制約なし,133280000,地域条件は通るが、ROOOMTECHとの事業適合性・応募者要件を詳細確認,適合性,a0WJ200000CDYSKMA5,https://www.jgrants-portal.go.jp/subsidy/a0WJ200000CDYSKMA5
299,△,2027-03-31 23:59,208.7,携帯電話等エリア整備事業,全国 / 北海道 / 青森県 / 岩手県 / 宮城県 / 秋田県 / 山形県 / 福島県 / 茨城県 / 栃木県 / 群馬県 / 埼玉県 / 千葉県 / 東京都 / 神奈川県 / 新潟県 / 山梨県 / 長野県 / 富山県 / 石川県 / 福井県 / 岐阜県 / 静岡県 / 愛知県 / 三重県 / 滋賀県 / 京都府 / 大阪府 / 兵庫県 / 奈良県 / 和歌山県 / 鳥取県 / 島根県 / 岡山県 / 広島県 / 山口県 / 徳島県 / 香川県 / 愛媛県 / 高知県 / 福岡県 / 佐賀県 / 長崎県 / 熊本県 / 大分県 / 宮崎県 / 鹿児島県 / 沖縄県,従業員数の制約なし,0,地域条件は通るが、ROOOMTECHとの事業適合性・応募者要件を詳細確認,適合性,a0WJ200000CDOsKMAX,https://www.jgrants-portal.go.jp/subsidy/a0WJ200000CDOsKMAX
300,△,2027-03-31 23:59,208.7,東京都環境保全資金融資あっせん,東京都,従業員数の制約なし,0,事業テーマは関連するが、個別要件の確認が必要,追加要件,a0WJ200000CDK7KMAX,https://www.jgrants-portal.go.jp/subsidy/a0WJ200000CDK7KMAX
301,△,2027-03-31 23:59,208.7,電波遮へい対策事業（トンネル）,全国 / 北海道 / 青森県 / 岩手県 / 宮城県 / 秋田県 / 山形県 / 福島県 / 茨城県 / 栃木県 / 群馬県 / 埼玉県 / 千葉県 / 東京都 / 神奈川県 / 新潟県 / 山梨県 / 長野県 / 富山県 / 石川県 / 福井県 / 岐阜県 / 静岡県 / 愛知県 / 三重県 / 滋賀県 / 京都府 / 大阪府 / 兵庫県 / 奈良県 / 和歌山県 / 鳥取県 / 島根県 / 岡山県 / 広島県 / 山口県 / 徳島県 / 香川県 / 愛媛県 / 高知県 / 福岡県 / 佐賀県 / 長崎県 / 熊本県 / 大分県 / 宮崎県 / 鹿児島県 / 沖縄県 / 中国地方 / 九州・沖縄地方 / 北海道地方 / 四国地方 / 東北地方 / 東海・北陸地方 / 近畿地方 / 関東・甲信越地方,従業員数の制約なし,0,地域条件は通るが、ROOOMTECHとの事業適合性・応募者要件を詳細確認,適合性,a0W2x000003QZLqEAO,https://www.jgrants-portal.go.jp/subsidy/a0W2x000003QZLqEAO
302,△,2027-04-30 12:00,238.2,令和8年度「年収の壁突破」総合対策促進奨励金,東京都,従業員数の制約なし,500000,地域条件は通るが、ROOOMTECHとの事業適合性・応募者要件を詳細確認,適合性,a0WJ200000CDYk5MAH,https://www.jgrants-portal.go.jp/subsidy/a0WJ200000CDYk5MAH
303,△,2027-05-31 19:00,269.5,令和８年度 医学技術振興事業,東京都,従業員数の制約なし,0,地域条件は通るが、ROOOMTECHとの事業適合性・応募者要件を詳細確認,適合性,a0WJ200000CDdL9MAL,https://www.jgrants-portal.go.jp/subsidy/a0WJ200000CDdL9MAL
304,△,2027-05-31 23:59,269.7,EMPの普及促進に係る補助金（新）,東京都,従業員数の制約なし,51900000,地域条件は通るが、ROOOMTECHとの事業適合性・応募者要件を詳細確認,適合性,a0W2x000005iqyXEAQ,https://www.jgrants-portal.go.jp/subsidy/a0W2x000005iqyXEAQ
305,△,2027-06-01 00:00,269.7,【令和8年度】地域医療確保に係る緊急・臨時支援事業支援金,東京都,従業員数の制約なし,14541000000,地域条件は通るが、ROOOMTECHとの事業適合性・応募者要件を詳細確認,適合性,a0WJ200000CDbosMAD,https://www.jgrants-portal.go.jp/subsidy/a0WJ200000CDbosMAD
306,△,2027-06-01 00:00,269.7,【令和8年度】地域医療確保に係る緊急・臨時支援事業支援金及び急性期医療臨時支援事業支援金,東京都,従業員数の制約なし,15589000000,地域条件は通るが、ROOOMTECHとの事業適合性・応募者要件を詳細確認,適合性,a0WJ200000CDaTOMA1,https://www.jgrants-portal.go.jp/subsidy/a0WJ200000CDaTOMA1
307,△,2027-06-30 17:00,299.4,【経済産業省】ものづくり・商業・サービス生産性向上促進補助金（22次締切）,全国,従業員数の制約なし,0,事業テーマは関連するが、個別要件の確認が必要,追加要件,a0WJ200000CDYimMAH,https://www.jgrants-portal.go.jp/subsidy/a0WJ200000CDYimMAH
308,△,2028-01-01 16:45,484.4,令和6年度　ES（社員満足度）向上による若手人材確保・定着事業助成金～１年目申請用～,東京都,300名以下,3000000,地域条件は通るが、ROOOMTECHとの事業適合性・応募者要件を詳細確認,適合性,a0WJ2000000pSPQMA2,https://www.jgrants-portal.go.jp/subsidy/a0WJ2000000pSPQMA2
309,△,2028-03-31 17:00,574.4,【経済産業省】ものづくり・商業・サービス生産性向上促進補助金（23次締切）,全国,従業員数の制約なし,0,事業テーマは関連するが、個別要件の確認が必要,追加要件,a0WJ200000CDdtMMAT,https://www.jgrants-portal.go.jp/subsidy/a0WJ200000CDdtMMAT
310,×,2028-03-31 23:59,574.7,【三重】令和８年度中小企業最低賃金引上げ支援対策費補助金（業務改善助成金）,三重県,従業員数の制約なし,6000000,対象地域が三重県で、確認済み本店・事業拠点条件に合わない,地域,a0WJ200000CDe6AMAT,https://www.jgrants-portal.go.jp/subsidy/a0WJ200000CDe6AMAT
311,△,2028-03-31 23:59,574.7,【京都】令和８年度中小企業最低賃金引上げ支援対策費補助金（業務改善助成金）,京都府,従業員数の制約なし,6000000,京都府に関連施設はあるが、制度上の事業所要件を要確認,地域,a0WJ200000CDe6CMAT,https://www.jgrants-portal.go.jp/subsidy/a0WJ200000CDe6CMAT
312,△,2028-03-31 23:59,574.7,【令和8年度】高齢者受入体制確保事業,東京都,従業員数の制約なし,0,地域条件は通るが、ROOOMTECHとの事業適合性・応募者要件を詳細確認,適合性,a0WJ200000CDeYjMAL,https://www.jgrants-portal.go.jp/subsidy/a0WJ200000CDeYjMAL
313,×,2028-03-31 23:59,574.7,【佐賀】令和８年度中小企業最低賃金引上げ支援対策費補助金（業務改善助成金）,佐賀県,従業員数の制約なし,6000000,対象地域が佐賀県で、確認済み本店・事業拠点条件に合わない,地域,a0WJ200000CDe6WMAT,https://www.jgrants-portal.go.jp/subsidy/a0WJ200000CDe6WMAT
314,×,2028-03-31 23:59,574.7,【兵庫】令和８年度中小企業最低賃金引上げ支援対策費補助金（業務改善助成金）,兵庫県,従業員数の制約なし,6000000,対象地域が兵庫県で、確認済み本店・事業拠点条件に合わない,地域,a0WJ200000CDe6EMAT,https://www.jgrants-portal.go.jp/subsidy/a0WJ200000CDe6EMAT
315,×,2028-03-31 23:59,574.7,【北海道】令和８年度中小企業最低賃金引上げ支援対策費補助金（業務改善助成金）,北海道,従業員数の制約なし,6000000,対象地域が北海道で、確認済み本店・事業拠点条件に合わない,地域,a0WJ200000CDducMAD,https://www.jgrants-portal.go.jp/subsidy/a0WJ200000CDducMAD
316,×,2028-03-31 23:59,574.7,【千葉】令和８年度中小企業最低賃金引上げ支援対策費補助金（業務改善助成金）,千葉県,従業員数の制約なし,6000000,対象地域が千葉県で、確認済み本店・事業拠点条件に合わない,地域,a0WJ200000CDdunMAD,https://www.jgrants-portal.go.jp/subsidy/a0WJ200000CDdunMAD
317,×,2028-03-31 23:59,574.7,【和歌山】令和８年度中小企業最低賃金引上げ支援対策費補助金（業務改善助成金）,和歌山県,従業員数の制約なし,6000000,対象地域が和歌山県で、確認済み本店・事業拠点条件に合わない,地域,a0WJ200000CDe6GMAT,https://www.jgrants-portal.go.jp/subsidy/a0WJ200000CDe6GMAT
318,×,2028-03-31 23:59,574.7,【埼玉】令和８年度中小企業最低賃金引上げ支援対策費補助金（業務改善助成金）,埼玉県,従業員数の制約なし,6000000,対象地域が埼玉県で、確認済み本店・事業拠点条件に合わない,地域,a0WJ200000CDdumMAD,https://www.jgrants-portal.go.jp/subsidy/a0WJ200000CDdumMAD
319,×,2028-03-31 23:59,574.7,【大分】令和８年度中小企業最低賃金引上げ支援対策費補助金（業務改善助成金）,大分県,従業員数の制約なし,6000000,対象地域が大分県で、確認済み本店・事業拠点条件に合わない,地域,a0WJ200000CDe6ZMAT,https://www.jgrants-portal.go.jp/subsidy/a0WJ200000CDe6ZMAT
320,×,2028-03-31 23:59,574.7,【大阪】令和８年度中小企業最低賃金引上げ支援対策費補助金（業務改善助成金）,大阪府,従業員数の制約なし,6000000,対象地域が大阪府で、確認済み本店・事業拠点条件に合わない,地域,a0WJ200000CDe6DMAT,https://www.jgrants-portal.go.jp/subsidy/a0WJ200000CDe6DMAT
321,×,2028-03-31 23:59,574.7,【奈良】令和８年度中小企業最低賃金引上げ支援対策費補助金（業務改善助成金）,奈良県,従業員数の制約なし,6000000,対象地域が奈良県で、確認済み本店・事業拠点条件に合わない,地域,a0WJ200000CDe6FMAT,https://www.jgrants-portal.go.jp/subsidy/a0WJ200000CDe6FMAT
322,×,2028-03-31 23:59,574.7,【宮城】令和８年度中小企業最低賃金引上げ支援対策費補助金（業務改善助成金）,宮城県,従業員数の制約なし,6000000,対象地域が宮城県で、確認済み本店・事業拠点条件に合わない,地域,a0WJ200000CDdufMAD,https://www.jgrants-portal.go.jp/subsidy/a0WJ200000CDdufMAD
323,×,2028-03-31 23:59,574.7,【宮崎】令和８年度中小企業最低賃金引上げ支援対策費補助金（業務改善助成金）,宮崎県,従業員数の制約なし,6000000,対象地域が宮崎県で、確認済み本店・事業拠点条件に合わない,地域,a0WJ200000CDe6aMAD,https://www.jgrants-portal.go.jp/subsidy/a0WJ200000CDe6aMAD
324,×,2028-03-31 23:59,574.7,【富山】令和８年度中小企業最低賃金引上げ支援対策費補助金（業務改善助成金）,富山県,従業員数の制約なし,6000000,対象地域が富山県で、確認済み本店・事業拠点条件に合わない,地域,a0WJ200000CDdurMAD,https://www.jgrants-portal.go.jp/subsidy/a0WJ200000CDdurMAD
325,×,2028-03-31 23:59,574.7,【山口】令和８年度中小企業最低賃金引上げ支援対策費補助金（業務改善助成金）,山口県,従業員数の制約なし,6000000,対象地域が山口県で、確認済み本店・事業拠点条件に合わない,地域,a0WJ200000CDe6QMAT,https://www.jgrants-portal.go.jp/subsidy/a0WJ200000CDe6QMAT
326,×,2028-03-31 23:59,574.7,【山形】令和８年度中小企業最低賃金引上げ支援対策費補助金（業務改善助成金）,山形県,従業員数の制約なし,6000000,対象地域が山形県で、確認済み本店・事業拠点条件に合わない,地域,a0WJ200000CDduhMAD,https://www.jgrants-portal.go.jp/subsidy/a0WJ200000CDduhMAD
327,×,2028-03-31 23:59,574.7,【山梨】令和８年度中小企業最低賃金引上げ支援対策費補助金（業務改善助成金）,山梨県,従業員数の制約なし,6000000,対象地域が山梨県で、確認済み本店・事業拠点条件に合わない,地域,a0WJ200000CDe65MAD,https://www.jgrants-portal.go.jp/subsidy/a0WJ200000CDe65MAD
328,×,2028-03-31 23:59,574.7,【岐阜】令和８年度中小企業最低賃金引上げ支援対策費補助金（業務改善助成金）,岐阜県,従業員数の制約なし,6000000,対象地域が岐阜県で、確認済み本店・事業拠点条件に合わない,地域,a0WJ200000CDe67MAD,https://www.jgrants-portal.go.jp/subsidy/a0WJ200000CDe67MAD
329,×,2028-03-31 23:59,574.7,【岡山】令和８年度中小企業最低賃金引上げ支援対策費補助金（業務改善助成金）,岡山県,従業員数の制約なし,6000000,対象地域が岡山県で、確認済み本店・事業拠点条件に合わない,地域,a0WJ200000CDe6OMAT,https://www.jgrants-portal.go.jp/subsidy/a0WJ200000CDe6OMAT
330,×,2028-03-31 23:59,574.7,【岩手】令和８年度中小企業最低賃金引上げ支援対策費補助金（業務改善助成金）,岩手県,従業員数の制約なし,6000000,対象地域が岩手県で、確認済み本店・事業拠点条件に合わない,地域,a0WJ200000CDdueMAD,https://www.jgrants-portal.go.jp/subsidy/a0WJ200000CDdueMAD
331,×,2028-03-31 23:59,574.7,【島根】令和８年度中小企業最低賃金引上げ支援対策費補助金（業務改善助成金）,島根県,従業員数の制約なし,6000000,対象地域が島根県で、確認済み本店・事業拠点条件に合わない,地域,a0WJ200000CDe6IMAT,https://www.jgrants-portal.go.jp/subsidy/a0WJ200000CDe6IMAT
332,×,2028-03-31 23:59,574.7,【広島】令和８年度中小企業最低賃金引上げ支援対策費補助金（業務改善助成金）,広島県,従業員数の制約なし,6000000,対象地域が広島県で、確認済み本店・事業拠点条件に合わない,地域,a0WJ200000CDe6PMAT,https://www.jgrants-portal.go.jp/subsidy/a0WJ200000CDe6PMAT
333,×,2028-03-31 23:59,574.7,【徳島】令和８年度中小企業最低賃金引上げ支援対策費補助金（業務改善助成金）,徳島県,従業員数の制約なし,6000000,対象地域が徳島県で、確認済み本店・事業拠点条件に合わない,地域,a0WJ200000CDe6RMAT,https://www.jgrants-portal.go.jp/subsidy/a0WJ200000CDe6RMAT
334,×,2028-03-31 23:59,574.7,【愛媛】令和８年度中小企業最低賃金引上げ支援対策費補助金（業務改善助成金）,愛媛県,従業員数の制約なし,6000000,対象地域が愛媛県で、確認済み本店・事業拠点条件に合わない,地域,a0WJ200000CDe6TMAT,https://www.jgrants-portal.go.jp/subsidy/a0WJ200000CDe6TMAT
335,△,2028-03-31 23:59,574.7,【愛知】令和８年度中小企業最低賃金引上げ支援対策費補助金（業務改善助成金）,愛知県,従業員数の制約なし,6000000,愛知県に関連施設はあるが、制度上の事業所要件を要確認,地域,a0WJ200000CDe69MAD,https://www.jgrants-portal.go.jp/subsidy/a0WJ200000CDe69MAD
336,×,2028-03-31 23:59,574.7,【新潟】令和８年度中小企業最低賃金引上げ支援対策費補助金（業務改善助成金）,新潟県,従業員数の制約なし,6000000,対象地域が新潟県で、確認済み本店・事業拠点条件に合わない,地域,a0WJ200000CDduqMAD,https://www.jgrants-portal.go.jp/subsidy/a0WJ200000CDduqMAD
337,○,2028-03-31 23:59,574.7,【東京】令和８年度中小企業最低賃金引上げ支援対策費補助金（業務改善助成金）,東京都,従業員数の制約なし,6000000,基本属性と事業テーマが合致。公募要領の最終要件確認後に申請準備,候補,a0WJ200000CDduoMAD,https://www.jgrants-portal.go.jp/subsidy/a0WJ200000CDduoMAD
338,×,2028-03-31 23:59,574.7,【栃木】令和８年度中小企業最低賃金引上げ支援対策費補助金（業務改善助成金）,栃木県,従業員数の制約なし,6000000,対象地域が栃木県で、確認済み本店・事業拠点条件に合わない,地域,a0WJ200000CDdukMAD,https://www.jgrants-portal.go.jp/subsidy/a0WJ200000CDdukMAD
339,×,2028-03-31 23:59,574.7,【沖縄】令和８年度中小企業最低賃金引上げ支援対策費補助金（業務改善助成金）,沖縄県,従業員数の制約なし,6000000,対象地域が沖縄県で、確認済み本店・事業拠点条件に合わない,地域,a0WJ200000CDe6cMAD,https://www.jgrants-portal.go.jp/subsidy/a0WJ200000CDe6cMAD
340,×,2028-03-31 23:59,574.7,【滋賀】令和８年度中小企業最低賃金引上げ支援対策費補助金（業務改善助成金）,滋賀県,従業員数の制約なし,6000000,対象地域が滋賀県で、確認済み本店・事業拠点条件に合わない,地域,a0WJ200000CDe6BMAT,https://www.jgrants-portal.go.jp/subsidy/a0WJ200000CDe6BMAT
341,×,2028-03-31 23:59,574.7,【熊本】令和８年度中小企業最低賃金引上げ支援対策費補助金（業務改善助成金）,熊本県,従業員数の制約なし,6000000,対象地域が熊本県で、確認済み本店・事業拠点条件に合わない,地域,a0WJ200000CDe6YMAT,https://www.jgrants-portal.go.jp/subsidy/a0WJ200000CDe6YMAT
342,×,2028-03-31 23:59,574.7,【石川】令和８年度中小企業最低賃金引上げ支援対策費補助金（業務改善助成金）,石川県,従業員数の制約なし,6000000,対象地域が石川県で、確認済み本店・事業拠点条件に合わない,地域,a0WJ200000CDdusMAD,https://www.jgrants-portal.go.jp/subsidy/a0WJ200000CDdusMAD
343,△,2028-03-31 23:59,574.7,【神奈川】令和８年度中小企業最低賃金引上げ支援対策費補助金（業務改善助成金）,神奈川県,従業員数の制約なし,6000000,神奈川県に関連施設はあるが、制度上の事業所要件を要確認,地域,a0WJ200000CDdupMAD,https://www.jgrants-portal.go.jp/subsidy/a0WJ200000CDdupMAD
344,×,2028-03-31 23:59,574.7,【福井】令和８年度中小企業最低賃金引上げ支援対策費補助金（業務改善助成金）,福井県,従業員数の制約なし,6000000,対象地域が福井県で、確認済み本店・事業拠点条件に合わない,地域,a0WJ200000CDe64MAD,https://www.jgrants-portal.go.jp/subsidy/a0WJ200000CDe64MAD
345,×,2028-03-31 23:59,574.7,【福岡】令和８年度中小企業最低賃金引上げ支援対策費補助金（業務改善助成金）,福岡県,従業員数の制約なし,6000000,対象地域が福岡県で、確認済み本店・事業拠点条件に合わない,地域,a0WJ200000CDe6VMAT,https://www.jgrants-portal.go.jp/subsidy/a0WJ200000CDe6VMAT
346,×,2028-03-31 23:59,574.7,【福島】令和８年度中小企業最低賃金引上げ支援対策費補助金（業務改善助成金）,福島県,従業員数の制約なし,6000000,対象地域が福島県で、確認済み本店・事業拠点条件に合わない,地域,a0WJ200000CDduiMAD,https://www.jgrants-portal.go.jp/subsidy/a0WJ200000CDduiMAD
347,×,2028-03-31 23:59,574.7,【秋田】令和８年度中小企業最低賃金引上げ支援対策費補助金（業務改善助成金）,秋田県,従業員数の制約なし,6000000,対象地域が秋田県で、確認済み本店・事業拠点条件に合わない,地域,a0WJ200000CDdugMAD,https://www.jgrants-portal.go.jp/subsidy/a0WJ200000CDdugMAD
348,×,2028-03-31 23:59,574.7,【群馬】令和８年度中小企業最低賃金引上げ支援対策費補助金（業務改善助成金）,群馬県,従業員数の制約なし,6000000,対象地域が群馬県で、確認済み本店・事業拠点条件に合わない,地域,a0WJ200000CDdulMAD,https://www.jgrants-portal.go.jp/subsidy/a0WJ200000CDdulMAD
349,×,2028-03-31 23:59,574.7,【茨城】令和８年度中小企業最低賃金引上げ支援対策費補助金（業務改善助成金）,茨城県,従業員数の制約なし,6000000,対象地域が茨城県で、確認済み本店・事業拠点条件に合わない,地域,a0WJ200000CDdujMAD,https://www.jgrants-portal.go.jp/subsidy/a0WJ200000CDdujMAD
350,×,2028-03-31 23:59,574.7,【長崎】令和８年度中小企業最低賃金引上げ支援対策費補助金（業務改善助成金）,長崎県,従業員数の制約なし,6000000,対象地域が長崎県で、確認済み本店・事業拠点条件に合わない,地域,a0WJ200000CDe6XMAT,https://www.jgrants-portal.go.jp/subsidy/a0WJ200000CDe6XMAT
351,×,2028-03-31 23:59,574.7,【長野】令和８年度中小企業最低賃金引上げ支援対策費補助金（業務改善助成金）,長野県,従業員数の制約なし,6000000,対象地域が長野県で、確認済み本店・事業拠点条件に合わない,地域,a0WJ200000CDe66MAD,https://www.jgrants-portal.go.jp/subsidy/a0WJ200000CDe66MAD
352,×,2028-03-31 23:59,574.7,【青森】令和８年度中小企業最低賃金引上げ支援対策費補助金（業務改善助成金）,青森県,従業員数の制約なし,6000000,対象地域が青森県で、確認済み本店・事業拠点条件に合わない,地域,a0WJ200000CDdudMAD,https://www.jgrants-portal.go.jp/subsidy/a0WJ200000CDdudMAD
353,×,2028-03-31 23:59,574.7,【静岡】令和８年度中小企業最低賃金引上げ支援対策費補助金（業務改善助成金）,静岡県,従業員数の制約なし,6000000,対象地域が静岡県で、確認済み本店・事業拠点条件に合わない,地域,a0WJ200000CDe68MAD,https://www.jgrants-portal.go.jp/subsidy/a0WJ200000CDe68MAD
354,×,2028-03-31 23:59,574.7,【香川】令和８年度中小企業最低賃金引上げ支援対策費補助金（業務改善助成金）,香川県,従業員数の制約なし,6000000,対象地域が香川県で、確認済み本店・事業拠点条件に合わない,地域,a0WJ200000CDe6SMAT,https://www.jgrants-portal.go.jp/subsidy/a0WJ200000CDe6SMAT
355,×,2028-03-31 23:59,574.7,【高知】令和８年度中小企業最低賃金引上げ支援対策費補助金（業務改善助成金）,高知県,従業員数の制約なし,6000000,対象地域が高知県で、確認済み本店・事業拠点条件に合わない,地域,a0WJ200000CDe6UMAT,https://www.jgrants-portal.go.jp/subsidy/a0WJ200000CDe6UMAT
356,×,2028-03-31 23:59,574.7,【鳥取】令和８年度中小企業最低賃金引上げ支援対策費補助金（業務改善助成金）,鳥取県,従業員数の制約なし,6000000,対象地域が鳥取県で、確認済み本店・事業拠点条件に合わない,地域,a0WJ200000CDe6HMAT,https://www.jgrants-portal.go.jp/subsidy/a0WJ200000CDe6HMAT
357,×,2028-03-31 23:59,574.7,【鹿児島】令和８年度中小企業最低賃金引上げ支援対策費補助金（業務改善助成金）,鹿児島県,従業員数の制約なし,6000000,対象地域が鹿児島県で、確認済み本店・事業拠点条件に合わない,地域,a0WJ200000CDe6bMAD,https://www.jgrants-portal.go.jp/subsidy/a0WJ200000CDe6bMAD
358,○,2028-03-31 23:59,574.7,東京都中小企業障害者雇用スタート支援奨励金,東京都,従業員数の制約なし,1200000,基本属性と事業テーマが合致。公募要領の最終要件確認後に申請準備,候補,a0WJ200000CDOrTMAX,https://www.jgrants-portal.go.jp/subsidy/a0WJ200000CDOrTMAX
359,△,2028-05-07 23:59,611.7,事業再構築補助金（共同申請_リース会社）,全国,従業員数の制約なし,150000000,地域条件は通るが、ROOOMTECHとの事業適合性・応募者要件を詳細確認,適合性,a0W5h00000UaiqSEAR,https://www.jgrants-portal.go.jp/subsidy/a0W5h00000UaiqSEAR
360,△,2028-09-01 23:59,728.7,令和6年度【2年目申請用】ES（社員満足度）向上による若手人材確保・定着事業助成金,東京都,300名以下,3000000,地域条件は通るが、ROOOMTECHとの事業適合性・応募者要件を詳細確認,適合性,a0WJ20000088TQ4MAM,https://www.jgrants-portal.go.jp/subsidy/a0WJ20000088TQ4MAM
361,△,2029-02-15 00:00,894.7,デジタル技術活用推進助成金に係る状況報告等について,東京都,従業員数の制約なし,0,事業テーマは関連するが、個別要件の確認が必要,追加要件,a0WJ2000008Av8bMAC,https://www.jgrants-portal.go.jp/subsidy/a0WJ2000008Av8bMAC
362,△,2029-03-31 23:59,939.7,100億宣言,全国,従業員数の制約なし,0,地域条件は通るが、ROOOMTECHとの事業適合性・応募者要件を詳細確認,適合性,a0WJ200000CDNhQMAX,https://www.jgrants-portal.go.jp/subsidy/a0WJ200000CDNhQMAX
363,×,2029-03-31 23:59,939.7,【長野県茅野市】消費喚起イベント事業補助金,長野県,100名以下,400000,対象地域が長野県で、確認済み本店・事業拠点条件に合わない,地域,a0WJ200000CDY24MAH,https://www.jgrants-portal.go.jp/subsidy/a0WJ200000CDY24MAH
364,△,2029-03-31 23:59,939.7,令和7年度【2年目申請用】ES（社員満足度）向上による若手人材確保・定着事業助成金,東京都,300名以下,3000000,地域条件は通るが、ROOOMTECHとの事業適合性・応募者要件を詳細確認,適合性,a0WJ200000CDUvzMAH,https://www.jgrants-portal.go.jp/subsidy/a0WJ200000CDUvzMAH
365,△,2029-03-31 23:59,939.7,令和7年度【3年目申請用】ES（社員満足度）向上による若手人材確保・定着事業助成金,東京都,300名以下,3000000,地域条件は通るが、ROOOMTECHとの事業適合性・応募者要件を詳細確認,適合性,a0WJ200000CDVxKMAX,https://www.jgrants-portal.go.jp/subsidy/a0WJ200000CDVxKMAX
366,△,2029-03-31 23:59,939.7,令和8年度【2年目申請用】ES（社員満足度）向上による若手人材確保・定着事業助成金,東京都,300名以下,3000000,地域条件は通るが、ROOOMTECHとの事業適合性・応募者要件を詳細確認,適合性,a0WJ200000CDYkBMAX,https://www.jgrants-portal.go.jp/subsidy/a0WJ200000CDYkBMAX
367,△,2029-03-31 23:59,939.7,令和8年度【3年目申請用】ES（社員満足度）向上による若手人材確保・定着事業助成金,東京都,300名以下,3000000,地域条件は通るが、ROOOMTECHとの事業適合性・応募者要件を詳細確認,適合性,a0WJ200000CDYk9MAH,https://www.jgrants-portal.go.jp/subsidy/a0WJ200000CDYk9MAH
368,○,2029-03-31 23:59,939.7,東京都中小企業障害者雇用支援助成金,東京都,300名以下,1980000,基本属性と事業テーマが合致。公募要領の最終要件確認後に申請準備,候補,a0W5h00000UbQnXEAV,https://www.jgrants-portal.go.jp/subsidy/a0W5h00000UbQnXEAV
369,×,2029-03-31 23:59,939.7,東広島市小児科新規開業支援事業補助金,広島県,従業員数の制約なし,10000000,対象地域が広島県で、確認済み本店・事業拠点条件に合わない,地域,a0WJ200000CDYCsMAP,https://www.jgrants-portal.go.jp/subsidy/a0WJ200000CDYCsMAP
370,△,2029-12-31 23:59,1214.7,危機管理対策促進事業_事業完了後の各種申請,茨城県 / 栃木県 / 群馬県 / 埼玉県 / 千葉県 / 東京都 / 神奈川県 / 山梨県,従業員数の制約なし,15000000,地域条件は通るが、ROOOMTECHとの事業適合性・応募者要件を詳細確認,適合性,a0WJ200000CDRafMAH,https://www.jgrants-portal.go.jp/subsidy/a0WJ200000CDRafMAH
371,△,2030-03-31 20:00,1304.5,申請練習用補助金【補助金の支払いはありません】,全国,従業員数の制約なし,10000000,地域条件は通るが、ROOOMTECHとの事業適合性・応募者要件を詳細確認,適合性,a0WJ200000CDJWIMA5,https://www.jgrants-portal.go.jp/subsidy/a0WJ200000CDJWIMA5
372,×,2030-03-31 23:45,1304.7,いわき市診療所開設・承継支援補助金,全国,従業員数の制約なし,30000000,医療機関等向け,対象者,a0WJ200000CDXK4MAP,https://www.jgrants-portal.go.jp/subsidy/a0WJ200000CDXK4MAP
373,△,2030-03-31 23:45,1304.7,東京都難病・がん患者就業支援奨励金,東京都,従業員数の制約なし,900000,地域条件は通るが、ROOOMTECHとの事業適合性・応募者要件を詳細確認,適合性,a0W5h00000UbQnSEAV,https://www.jgrants-portal.go.jp/subsidy/a0W5h00000UbQnSEAV
374,△,2030-05-31 00:00,1364.7,令和７年度救急搬送患者受入体制強化事業,東京都,従業員数の制約なし,0,地域条件は通るが、ROOOMTECHとの事業適合性・応募者要件を詳細確認,適合性,a0WJ2000000pejTMAQ,https://www.jgrants-portal.go.jp/subsidy/a0WJ2000000pejTMAQ
375,△,2030-11-15 00:00,1532.7,令和7年度　ES（社員満足度）向上による若手人材確保・定着事業助成金　１年目申請用,東京都,300名以下,3000000,地域条件は通るが、ROOOMTECHとの事業適合性・応募者要件を詳細確認,適合性,a0WJ200000CDNiaMAH,https://www.jgrants-portal.go.jp/subsidy/a0WJ200000CDNiaMAH
376,△,2030-11-15 00:00,1532.7,令和8年度【1年目申請用】ES（社員満足度）向上による若手人材確保・定着事業助成金,東京都,300名以下,3000000,地域条件は通るが、ROOOMTECHとの事業適合性・応募者要件を詳細確認,適合性,a0WJ200000CDYkAMAX,https://www.jgrants-portal.go.jp/subsidy/a0WJ200000CDYkAMAX
377,△,2031-01-21 23:59,1600.7,［第十回］事業再構築補助金（交付申請等）,全国,従業員数の制約なし,500000000,地域条件は通るが、ROOOMTECHとの事業適合性・応募者要件を詳細確認,適合性,a0W5h00000GMgXBEA1,https://www.jgrants-portal.go.jp/subsidy/a0W5h00000GMgXBEA1
378,△,2031-06-12 23:59,1742.7,［第十一回］事業再構築補助金（交付申請等）,全国,従業員数の制約なし,150000000,地域条件は通るが、ROOOMTECHとの事業適合性・応募者要件を詳細確認,適合性,a0W5h00000UbU66EAF,https://www.jgrants-portal.go.jp/subsidy/a0W5h00000UbU66EAF
379,△,2032-03-07 23:59,2011.7,［第十二回］事業再構築補助金（交付申請等）,全国,従業員数の制約なし,500000000,地域条件は通るが、ROOOMTECHとの事業適合性・応募者要件を詳細確認,適合性,a0WJ2000000qhOQMAY,https://www.jgrants-portal.go.jp/subsidy/a0WJ2000000qhOQMAY
380,△,2032-10-29 23:59,2247.7,［第十三回］事業再構築補助金_促進上乗せ措置（交付申請等）,全国,従業員数の制約なし,150000000,地域条件は通るが、ROOOMTECHとの事業適合性・応募者要件を詳細確認,適合性,a0WJ200000CDQEJMA5,https://www.jgrants-portal.go.jp/subsidy/a0WJ200000CDQEJMA5
381,×,2042-05-07 00:00,5723.7,令和８年度東京都救命救急センター施設整備等補助事業（運営費）,東京都,従業員数の制約なし,0,医療機関等向け,対象者,a0WJ200000CDeTtMAL,https://www.jgrants-portal.go.jp/subsidy/a0WJ200000CDeTtMAL
382,△,2124-03-31 17:30,35637.4,東京都環境保全資金融資保証債務履行補助金,東京都,従業員数の制約なし,2798000,事業テーマは関連するが、個別要件の確認が必要,追加要件,a0W2x000007CrSAEA0,https://www.jgrants-portal.go.jp/subsidy/a0W2x000007CrSAEA0
