id,title,institution_name,target_area_search,subsidy_max_limit,acceptance_start_datetime,acceptance_end_datetime,target_number_of_employees,matched_keywords
a0WJ200000CDd5cMAD,2026年度第2回「新エネルギー等のシーズ発掘・事業化に向けた技術研究開発事業」（新エネ中小・スタートアップ支援制度）の公募,,全国,0,2026-08-07T01:00:00.000Z,2026-09-07T03:00:00.000Z,従業員数の制約なし,事業 / 支援 / 開発 / 研究
a0WJ200000CDdA1MAL,2026年度第2回「新エネルギー等のシーズ発掘・事業化に向けた技術研究開発事業」（未来型新エネ実証制度）の公募,,全国,0,2026-08-07T01:00:00.000Z,2026-09-07T03:00:00.000Z,従業員数の制約なし,事業 / 開発 / 研究 / 実証
a0WJ200000CDeA1MAL,「競争的な水素サプライチェーン構築に向けた技術開発事業／総合調査研究／水素キャリアに係る船陸インターフェースの国際標準化に向けた基礎調査」の公募,,全国,0,2026-08-24T01:00:00.000Z,2026-09-07T03:00:00.000Z,従業員数の制約なし,事業 / 開発 / 研究
a0WJ200000CDdNKMA1,令和８年度 エネルギー使用合理化設備導入促進対策費補助金（資源自律経済確立産官学連携加速化事業）【二次公募】,,全国,40000000,2026-08-06T05:00:00.000Z,2026-09-07T06:00:00.000Z,従業員数の制約なし,事業 / 支援 / 補助 / 導入 / 開発 / 促進 / 設備 / 実証 / 地域 / 環境
a0WJ200000CDaMaMAL,GX分野のディープテック・スタートアップに対する 実用化研究開発・量産化実証支援事業第7回公募,,全国,0,2026-09-03T01:00:00.000Z,2026-09-08T03:00:00.000Z,従業員数の制約なし,事業 / 支援 / 開発 / 研究 / 実証
a0WJ200000CDaMfMAL,ディープテック・スタートアップ支援基金／ディープテック・スタートアップ支援事業第10回公募,,全国,0,2026-09-03T01:00:00.000Z,2026-09-08T03:00:00.000Z,従業員数の制約なし,事業 / 支援 / 開発 / 研究
a0WJ200000CDYUNMA5,令和８年度ゼロエミッション推進に向けた事業転換支援事業（製品開発助成）,,東京都,0,2026-05-31T15:00:00.000Z,2026-09-08T08:00:00.000Z,従業員数の制約なし,事業 / 支援 / 助成 / 開発 / 促進 / 販路
a0WJ200000CDdKuMAL,令和８年度国際ルール形成・市場創造型標準化推進事業費補助金（２次公募）,,全国,0,2026-08-07T01:00:00.000Z,2026-09-08T08:00:00.000Z,従業員数の制約なし,事業 / 補助 / 開発 / 促進
a0WJ200000CDdQxMAL,令和８年度酒類業振興支援事業費補助金（第４期）,,北海道 / 青森県 / 岩手県 / 宮城県 / 秋田県 / 山形県 / 福島県 / 茨城県 / 栃木県 / 群馬県 / 埼玉県 / 新潟県 / 長野県 / 岐阜県 / 静岡県 / 愛知県 / 三重県 / 滋賀県 / 京都府 / 大阪府 / 兵庫県 / 奈良県 / 和歌山県 / 鳥取県 / 島根県 / 岡山県 / 広島県 / 山口県 / 徳島県 / 香川県 / 愛媛県 / 高知県 / 福岡県 / 佐賀県 / 長崎県 / 熊本県 / 大分県 / 宮崎県 / 鹿児島県 / 沖縄県 / 千葉県 / 東京都 / 神奈川県 / 山梨県 / 富山県 / 石川県 / 福井県,15000000,2026-07-27T01:00:00.000Z,2026-09-09T03:00:00.000Z,従業員数の制約なし,事業 / 支援 / 補助 / 促進 / 観光 / 販路 / 地域
a0WJ200000CDe7xMAD,令和８年度運輸部門におけるエネルギーの使用合理化・非化石エネルギー転換推進事業費補助金（内航船革新的運航効率化・非化石エネルギー転換推進事業）（三次公募）,,全国,500000000,2026-08-19T05:00:00.000Z,2026-09-09T08:00:00.000Z,従業員数の制約なし,事業 / 補助 / 導入 / 促進 / 設備 / 実証 / 省エネ / 環境
a0WJ200000CDZi6MAH,令和8年度 高度人材インターンシップ受入支援費補助金,,東京都,5000,2026-08-16T15:00:00.000Z,2026-09-09T14:59:00.000Z,300名以下,事業 / 支援 / 補助 / 人材
a0WJ200000CDe3bMAD,「特定半導体生産施設整備に係る建設工事の現状及び国内投資促進に向けた課題に関する調査・分析事業」の公募,,全国,0,2026-08-28T01:00:00.000Z,2026-09-11T03:00:00.000Z,従業員数の制約なし,事業 / 開発 / 促進 / 研究
a0WJ200000CDWngMAH,【令和８年度】経営力強化に向けた創意工夫チャレンジ促進事業(飲食事業者向け経営基盤強化支援（受動喫煙防止対策支援コース）)助成金,,東京都,4000000,2026-04-13T01:00:00.000Z,2026-09-11T07:45:00.000Z,従業員数の制約なし,事業 / 支援 / 助成 / 促進 / 設備 / 環境
a0WJ200000CDXuqMAH,令和８年度医療機関診療情報サイバーセキュリティ対策支援事業,,東京都,0,2026-04-14T15:00:00.000Z,2026-09-11T14:59:00.000Z,従業員数の制約なし,事業 / 支援 / 補助 / 促進 / デジタル
a0WJ200000CDdNtMAL,令和８年度障害者施設等物価高騰緊急対策事業,,東京都,0,2026-08-06T00:00:00.000Z,2026-09-11T14:59:00.000Z,従業員数の制約なし,事業 / 支援 / 補助 / 地域
a0WJ200000CDd5SMAT,令和８年度 脱炭素成長型経済構造移行推進対策費補助金（自律型資源 循環システム強靱化促進事業）（事前着手届出）【一次公募】,,全国,0,2026-07-28T06:00:00.000Z,2026-09-14T06:00:00.000Z,従業員数の制約なし,事業 / 補助 / 促進
a0WJ200000CDYlTMAX,令和８年度 脱炭素成長型経済構造移行推進対策費補助金（自律型資源循環システム強靱化促進事業）,,全国,20000000000,2026-07-28T06:00:00.000Z,2026-09-14T06:00:00.000Z,従業員数の制約なし,事業 / 支援 / 補助 / 開発 / 促進 / 設備 / 研究 / 実証 / 環境
a0WJ200000CDXkTMAX,令和８年度展示会出展助成事業,,東京都,1500000,2026-08-31T15:00:00.000Z,2026-09-14T07:00:00.000Z,従業員数の制約なし,事業 / 助成 / 販路
a0WJ200000CDe6iMAD,経営力強化に向けた創意工夫チャレンジ促進事業助成金（賃上げ重点コース）【令和8年度第2回】,,茨城県 / 栃木県 / 群馬県 / 埼玉県 / 千葉県 / 東京都 / 神奈川県 / 山梨県,6000000,2026-09-01T00:00:00.000Z,2026-09-14T07:00:00.000Z,従業員数の制約なし,事業 / 支援 / 助成 / 促進
a0WJ200000CDYUSMA5,【埼玉県】令和8年度 企業等における省エネ・再エネ活用設備導入補助金,,埼玉県,0,2026-08-16T23:30:00.000Z,2026-09-14T08:00:00.000Z,従業員数の制約なし,事業 / 支援 / 補助 / 導入 / 促進 / 設備 / 省エネ / 地域 / 環境
a0WJ200000CDO8eMAH,交通システムの省CO2 化に向けた設備整備事業（鉄道事業等におけるネットワーク型低炭素化促進事業）（二次公募）,二酸化炭素排出抑制対策事業費等補助金,全国,0,2026-08-17T01:00:00.000Z,2026-09-14T08:00:00.000Z,従業員数の制約なし,事業 / 補助 / 導入 / 促進 / 設備 / 省エネ / 地域 / 環境
a0WJ200000CDaTEMA1,女性の活躍推進に向けた職場環境改善奨励金　撤回届,,東京都,1800000,2026-07-01T00:00:00.000Z,2026-09-14T14:59:00.000Z,300名以下,環境
a0WJ200000CDaTGMA1,女性活躍情報公開促進奨励金　撤回届,,東京都,200000,2026-07-01T00:00:00.000Z,2026-09-14T14:59:00.000Z,100名以下,促進 / 環境
a0WJ200000CDdqyMAD,【応募事業者】令和８年度 プラスチック等資源循環システム構築実証事業　＜三次公募＞,,全国 / 北海道 / 青森県 / 岩手県 / 宮城県 / 秋田県 / 山形県 / 福島県 / 茨城県 / 栃木県 / 群馬県 / 埼玉県 / 千葉県 / 東京都 / 神奈川県 / 新潟県 / 山梨県 / 長野県 / 富山県 / 石川県 / 福井県 / 岐阜県 / 静岡県 / 愛知県 / 三重県 / 滋賀県 / 京都府 / 大阪府 / 兵庫県 / 奈良県 / 和歌山県 / 鳥取県 / 島根県 / 岡山県 / 広島県 / 山口県 / 徳島県 / 香川県 / 愛媛県 / 高知県 / 福岡県 / 佐賀県 / 長崎県 / 熊本県 / 大分県 / 宮崎県 / 鹿児島県 / 沖縄県,0,2026-08-07T05:00:00.000Z,2026-09-15T07:00:00.000Z,従業員数の制約なし,事業 / 補助 / 開発 / 促進 / 研究 / 実証 / 環境
a0W5h00000UcWryEAF,東京都認定制度を活用した医師少数区域における勤務の推進事業補助金,東京都認定制度を活用した医師少数区域における勤務の推進事業補助金,東京都,0,2026-08-24T03:00:00.000Z,2026-09-15T14:45:00.000Z,従業員数の制約なし,事業 / 補助 / 人材
a0WJ200000CDYmSMAX,2026年度「中小企業競争力強化促進事業業」（マーケティング支援事業）［2次募集］,,北海道,2000000,2026-08-19T00:00:00.000Z,2026-09-16T08:00:00.000Z,300名以下,事業 / 支援 / 補助 / 導入 / 開発 / 促進
a0WJ200000CDdauMAD,令和８年度 第２回 事業承継支援助成金,,東京都,2000000,2026-08-03T00:00:00.000Z,2026-09-16T08:00:00.000Z,300名以下,事業 / 支援 / 助成 / 促進 / 地域
a0WJ200000CDeUbMAL,重要経済安保情報保護活用民間企業等情報保全施設導入支援補助金（令和８年度第２回公募）,,全国,0,2026-08-28T02:00:00.000Z,2026-09-18T03:00:00.000Z,従業員数の制約なし,事業 / 支援 / 補助 / 導入 / 環境
a0WJ200000CDb6JMAT,【令和７年度】二酸化炭素排出抑制対策事業費等補助金（水インフラにおける脱炭素化推進事業）［四次公募］,,全国,0,2026-06-18T07:00:00.000Z,2026-09-18T08:00:00.000Z,従業員数の制約なし,事業 / 導入 / 促進 / 設備 / 省エネ / 地域 / 環境
a0WJ200000CDe8MMAT,令和７年度補正　米粉商品開発等支援対策事業　2次募集,,全国,30950204,2026-08-28T01:00:00.000Z,2026-09-18T08:00:00.000Z,従業員数の制約なし,事業 / 支援 / 開発 / 促進
a0WJ200000CDdmfMAD,令和８年度　熱利活用事業（単年度事業分）　第３次公募　【　廃棄物処理施設を核とした地域循環共生圏構築促進事業　】,,全国,0,2026-08-24T00:00:00.000Z,2026-09-18T08:00:00.000Z,従業員数の制約なし,事業 / 支援 / 補助 / 導入 / 促進 / 設備 / 省エネ / 地域 / 環境
a0WJ200000CDdmVMAT,令和８年度　電力利活用事業（単年度事業分）　第３次公募　【　廃棄物処理施設を核とした地域循環共生圏構築促進事業　】,,全国,0,2026-08-24T00:00:00.000Z,2026-09-18T08:00:00.000Z,従業員数の制約なし,事業 / 支援 / 補助 / 導入 / 促進 / 設備 / 省エネ / 地域 / 環境
a0WJ200000CDdmpMAD,令和８年度　ＦＳ調査事業　第３次公募　【　廃棄物処理施設を核とした地域循環共生圏構築促進事業　】,,全国,0,2026-08-24T00:00:00.000Z,2026-09-18T08:00:00.000Z,従業員数の制約なし,事業 / 支援 / 補助 / 導入 / 促進 / 設備 / 省エネ / 地域 / 環境
a0WJ200000CDeXgMAL,【二次公募】令和８年度　天然ガス利用設備による強靱性向上対策事業費補助金,,全国,0,2026-09-02T00:00:00.000Z,2026-09-24T14:59:00.000Z,従業員数の制約なし,事業 / 支援 / 補助 / 導入 / 設備
a0W5h00000UcWrwEAF,東京都専門医認定支援事業補助金,東京都専門医認定支援事業補助金,東京都,0,2026-09-02T00:00:00.000Z,2026-09-24T15:00:00.000Z,従業員数の制約なし,事業 / 支援 / 補助 / 人材 / 地域
a0WJ200000CDYiwMAH,①省CO2型プラスチック高度リサイクル設備導入事業（バリューチェーン）【令和７年度（補正予算）４次公募及び令和８年度３次公募】,,全国,7297000000,2026-08-25T02:00:00.000Z,2026-09-25T03:00:00.000Z,従業員数の制約なし,事業 / 補助 / 導入 / 促進 / 設備 / 研究 / 環境
a0WJ200000CDYjRMAX,②化石資源由来プラスチックを代替する再生可能資源由来素材 の省CO2型製造設備導入事業（バリューチェーン）【令和７年度（補正予算）第４次公募及び令和８年度第３次公募】,,全国,7297000000,2026-08-25T02:00:00.000Z,2026-09-25T03:00:00.000Z,従業員数の制約なし,事業 / 補助 / 導入 / 促進 / 設備 / 研究 / 環境
a0WJ200000CDYkCMAX,③太陽光パネルリサイクル設備導入事業（バリューチェーン）【令和７年度（補正予算）第４次公募及び令和８年度第３次公募】,,全国,7297000000,2026-08-25T02:00:00.000Z,2026-09-25T03:00:00.000Z,従業員数の制約なし,事業 / 補助 / 導入 / 促進 / 設備 / 研究 / 環境
a0WJ200000CDYkHMAX,④リチウム蓄電池リサイクル設備導入事業（バリューチェーン）【令和７年度（補正予算）第４次公募及び令和８年度第３次公募】,,全国,7297000000,2026-08-25T02:00:00.000Z,2026-09-25T03:00:00.000Z,従業員数の制約なし,事業 / 補助 / 導入 / 促進 / 設備 / 研究 / 環境
a0WJ200000CDYk0MAH,⑤金属破砕・選別設備導入事業（バリューチェーン）【令和７年度（補正予算）第４次公募及び第８年度第３次公募】,,全国,7297000000,2026-08-25T02:00:00.000Z,2026-09-25T03:00:00.000Z,従業員数の制約なし,事業 / 補助 / 導入 / 促進 / 設備 / 研究 / 環境
a0WJ200000CDczgMAD,【令和７年度補正 グローバルサウス未来志向型共創等事業費補助金（ウクライナ復興支援に向けた欧州企業連携・中東欧諸国等連携強化）（FS実証・実証事業実施事業者の募集（補助））】,,全国,0,2026-07-21T03:00:00.000Z,2026-09-25T03:00:00.000Z,従業員数の制約なし,事業 / 支援 / 補助 / 実証
a0WJ200000CDeNwMAL,令和7年度_産油国石油精製技術等対策事業費補助金（石油天然ガス権益・安定供給の確保に向けた資源国との関係強化支援事業のうち産油・産ガス国産業協力等事業に係るもの）_第5回公募,,全国,340000000,2026-09-01T00:00:00.000Z,2026-09-25T03:00:00.000Z,従業員数の制約なし,事業 / 支援 / 補助 / 開発 / 設備 / 人材 / 環境
a0WJ200000CDeNSMA1,令和7年度_資源国脱炭素化・エネルギー転換技術等支援事業費補助金_第5回公募,,全国,660000000,2026-09-01T00:00:00.000Z,2026-09-25T03:00:00.000Z,従業員数の制約なし,事業 / 支援 / 補助 / 開発 / 設備 / 研究 / 環境
a0WJ200000CDeO6MAL,令和8年度_産油国石油精製技術等対策事業費補助金（石油天然ガス権益・安定供給の確保に向けた資源国との関係強化支援事業のうち産油・産ガス国産業協力等事業に係るもの）_第3回公募,,全国,2900000000,2026-09-01T00:00:00.000Z,2026-09-25T03:00:00.000Z,従業員数の制約なし,事業 / 支援 / 補助 / 開発 / 設備 / 人材 / 環境
a0WJ200000CDeO1MAL,令和8年度_資源国脱炭素化・エネルギー転換技術等支援事業費補助金_第3回公募,,全国,1200000000,2026-09-01T00:00:00.000Z,2026-09-25T03:00:00.000Z,従業員数の制約なし,事業 / 支援 / 補助 / 開発 / 設備 / 研究 / 環境
a0WJ200000CDeQhMAL,【熊本県２次】令和8年度_中小企業等海外展開支援事業費補助金（海外出願支援事業）,,熊本県,3000000,2026-08-31T00:00:00.000Z,2026-09-25T08:00:00.000Z,300名以下,事業 / 支援 / 補助 / 助成 / 促進 / 地域
a0WJ200000CDcODMA1,令和８年度「水力発電導入促進支援事業費補助金（事業性評価支援事業）」（新規事業　３次締切分）,,全国,20000000,2026-06-27T00:00:00.000Z,2026-09-25T08:00:00.000Z,従業員数の制約なし,事業 / 支援 / 補助 / 導入 / 促進
a0WJ200000CDe3WMAT,令和８年度外国商標出願費用助成事業（第２回）,,東京都,600000,2026-09-02T00:00:00.000Z,2026-09-25T08:00:00.000Z,300名以下,事業 / 助成
a0WJ200000CDe3RMAT,令和８年度外国意匠出願費用助成事業（第２回）,,東京都,600000,2026-09-02T00:00:00.000Z,2026-09-25T08:00:00.000Z,300名以下,事業 / 助成
a0WJ200000CDTzMMAX,【経済産業省】ものづくり・商業・サービス生産性向上促進補助金（19次締切）,,全国,40000000,2025-02-14T08:00:00.000Z,2026-09-28T08:00:00.000Z,従業員数の制約なし,補助 / 導入 / 開発 / 促進 / 設備
a0WJ200000CDdtWMAT,2026年度「木質バイオマス燃料等の安定的・効率的な供給・利用システム構築支援事業」の第２回公募,,全国,0,2026-08-20T01:00:00.000Z,2026-09-29T03:00:00.000Z,従業員数の制約なし,事業 / 支援 / 開発 / 研究
a0WJ200000CDYcpMAH,令和８年度　水力発電導入促進支援事業費補助金（既存設備有効活用強化支援事業）公募,,全国,1474350000,2026-04-27T04:30:00.000Z,2026-09-29T08:00:00.000Z,従業員数の制約なし,事業 / 支援 / 補助 / 導入 / 促進 / 設備 / 環境
a0WJ200000CDdgEMAT,東京都商店街デジタル化推進事業費補助金,,東京都,15000000,2026-04-30T02:49:00.000Z,2026-09-30T02:49:00.000Z,従業員数の制約なし,事業 / 補助 / 導入 / 開発 / デジタル
a0WJ200000CDcy9MAD,「GXイノベーション・エコシステム構築事業推進に向けたフロンティア領域の探索・重点支援のためのマネジメント手法の構築」の公募,,全国,0,2026-08-17T01:00:00.000Z,2026-09-30T03:00:00.000Z,従業員数の制約なし,事業 / 支援 / 開発 / 研究
a0WJ200000CDdmLMAT,「GX分野の大企業等のスタートアップ連携・調達加速化事業／市場創出及び本格調達・購買の実現可能性の検証（GX_CPP）」の公募,,全国,0,2026-08-26T01:00:00.000Z,2026-09-30T03:00:00.000Z,従業員数の制約なし,事業 / 開発 / 研究
a0WJ200000CDdmGMAT,「ディープテック・スタートアップ支援基金／大企業等のスタートアップ連携・調達加速化事業／市場創出及び本格調達・購買の実現可能性の検証（CPP）」の公募,,全国,0,2026-08-26T01:00:00.000Z,2026-09-30T03:00:00.000Z,従業員数の制約なし,事業 / 支援 / 開発 / 研究
a0WJ200000CDdjzMAD,地域社会ＤＸ推進パッケージ事業（補助事業）,,全国,0,2026-08-04T05:00:00.000Z,2026-09-30T03:00:00.000Z,従業員数の制約なし,事業 / 補助 / 促進 / 設備 / デジタル / 地域 / DX
a0WJ200000CDe9hMAD,【第２回】中東情勢による原材料価格高騰に伴う経営基盤安定化緊急対策事業,,東京都,20000000,2026-09-01T05:00:00.000Z,2026-09-30T07:00:00.000Z,従業員数の制約なし,事業 / 支援 / 助成 / 導入 / 設備 / 販路
a0WJ200000CDdsqMAD,令和8年度第2回 事業承継を契機とした成長支援事業(一般コース),,東京都,8000000,2026-09-01T00:00:00.000Z,2026-09-30T07:00:00.000Z,従業員数の制約なし,事業 / 支援 / 助成
a0WJ200000CDYr0MAH,「賃上げ環境整備補助金2026」,【北海道】中小企業競争力強化促進事業（マーケティング支援事業）［2次募集］,北海道,3000000,2026-05-15T01:00:00.000Z,2026-09-30T08:00:00.000Z,300名以下,事業 / 支援 / 補助 / 導入 / 開発 / 促進 / 設備 / デジタル / 環境
a0WJ200000CDdtgMAD,【令和７年度補正予算・令和８年度】二酸化炭素排出抑制対策事業費等補助金（クーリングシェルターの普及に向けた高効率空調導入支援事業（令和７年度補正予算三次公募・令和８年度二次公募））,,全国,10000000,2026-08-21T06:00:00.000Z,2026-09-30T08:00:00.000Z,従業員数の制約なし,事業 / 支援 / 補助 / 導入 / 促進 / 環境
a0WJ200000CDdtvMAD,【令和７年度補正予算・令和８年度】二酸化炭素排出抑制対策事業費等補助金（テナントビルの省CO2改修支援事業（令和７年度補正三次公募・令和８年度二次公募））,,全国,40000000,2026-08-21T06:00:00.000Z,2026-09-30T08:00:00.000Z,従業員数の制約なし,事業 / 支援 / 補助 / 導入 / 促進 / 設備 / 省エネ / 環境
a0WJ200000CDdtbMAD,【令和７年度補正予算・令和８年度】二酸化炭素排出抑制対策事業費等補助金（ライフサイクルカーボン削減型の先導的な新築ZEB支援事業（令和７年度補正予算三次公募・令和８年度二次公募））,,全国,500000000,2026-08-21T06:00:00.000Z,2026-09-30T08:00:00.000Z,従業員数の制約なし,事業 / 支援 / 補助 / 導入 / 促進 / 設備 / 省エネ / 環境
a0WJ200000CDdtRMAT,【令和７年度補正予算・令和８年度】二酸化炭素排出抑制対策事業費等補助金（新築建築物のZEB普及促進支援事業/既存建築物のZEB化普及促進支援事業（令和７年度補正予算三次公募・令和８年度二次公募））,,全国,0,2026-08-21T06:00:00.000Z,2026-09-30T08:00:00.000Z,従業員数の制約なし,事業 / 支援 / 補助 / 導入 / 促進 / 設備 / 省エネ / 環境
a0WJ200000CDdtlMAD,【令和７年度補正予算・令和８年度】二酸化炭素排出抑制対策事業費等補助金（民間建築物等における省CO2改修支援事業（令和７年度補正三次公募・令和８年度二次公募））,,全国,35000000,2026-08-21T06:00:00.000Z,2026-09-30T08:00:00.000Z,従業員数の制約なし,事業 / 支援 / 補助 / 導入 / 促進 / 設備 / 省エネ / 環境
a0WJ200000CDdu0MAD,【令和７年度補正予算・令和８年度】二酸化炭素排出抑制対策事業費等補助金（空き家等における省CO2改修支援事業（令和７年度補正三次公募・令和８年度二次公募））,,全国,10000000,2026-08-21T06:00:00.000Z,2026-09-30T08:00:00.000Z,従業員数の制約なし,事業 / 支援 / 補助 / 導入 / 促進 / 設備 / 環境
a0WJ200000CDbpvMAD,【令和８年度】サステナブル倉庫モデル促進事業（２次公募）,,全国,100000000,2026-08-21T06:00:00.000Z,2026-09-30T08:00:00.000Z,従業員数の制約なし,事業 / 支援 / 補助 / 導入 / 促進 / 設備 / 地域 / 環境
a0WJ200000CDbq0MAD,【令和８年度】フェーズフリーの省CO2独立型施設支援事業（２次公募）,,全国,35000000,2026-08-21T06:00:00.000Z,2026-09-30T08:00:00.000Z,従業員数の制約なし,事業 / 支援 / 補助 / 導入 / 促進 / 設備 / 地域 / 環境
a0WJ200000CDaT7MAL,【令和８年度】二酸化炭素排出抑制対策事業費等補助金（低炭素型建材活用新築ZEB支援事業）（二次公募）,,全国,500000000,2026-08-21T06:00:00.000Z,2026-09-30T08:00:00.000Z,従業員数の制約なし,事業 / 支援 / 補助 / 導入 / 促進 / 設備 / 省エネ / 環境
a0W2x000004PhCHEA0,令和8年度 生放送字幕番組普及促進助成金（第３期）,令和8年度情報通信利用促進支援事業費補助金 （字幕・解説・手話番組等の制作・普及促進）,全国,0,2026-06-30T23:45:00.000Z,2026-09-30T08:00:00.000Z,従業員数の制約なし,事業 / 支援 / 補助 / 助成 / 開発 / 促進 / 設備 / 研究
a0WJ200000CDeF3MAL,令和8年度　ふくいの逸品創造ファンド事業,,福井県,2000000,2026-08-10T00:00:00.000Z,2026-09-30T08:00:00.000Z,300名以下,事業 / 支援 / 補助 / 助成 / 開発 / 設備 / 観光 / 販路 / 地域
a0WJ200000CDYEIMA5,令和8年度神奈川県小規模事業者デジタル化支援推進事業費補助金,,神奈川県,500000,2026-04-15T00:00:00.000Z,2026-09-30T08:00:00.000Z,20名以下,事業 / 支援 / 補助 / 導入 / 促進 / デジタル
a0WJ200000CDeC7MAL,令和８年度経営統合等による産業力強化支援事業（単体枠）,,東京都,300000000,2026-09-01T01:00:00.000Z,2026-09-30T08:00:00.000Z,従業員数の制約なし,事業 / 支援 / 助成
a0WJ200000CDeC6MAL,令和８年度経営統合等による産業力強化支援事業（連携枠）,,東京都,400000000,2026-09-01T01:00:00.000Z,2026-09-30T08:00:00.000Z,従業員数の制約なし,事業 / 支援 / 助成 / 地域
a0WJ200000CDe0VMAT,令和８年度ＡＩ×データ知財取得支援助成事業【第２回申請】,,東京都,450000,2026-08-24T00:00:00.000Z,2026-09-30T08:00:00.000Z,300名以下,事業 / 支援 / 助成 / AI
a0WJ200000CDcQOMA1,小規模事業者持続化補助金＜共同・協業型＞ 第３回公募,,全国,30000000,2026-08-14T06:00:00.000Z,2026-09-30T08:00:00.000Z,従業員数の制約なし,事業 / 支援 / 補助 / 助成 / 導入 / 観光 / 販路 / 地域 / 環境
a0WJ200000CDeU8MAL,東京都就職氷河期世代等安定就業サポート助成金（令和８年度第５回申請受付）,,東京都,2400000,2026-08-31T23:30:00.000Z,2026-09-30T08:15:00.000Z,従業員数の制約なし,事業 / 支援 / 助成 / 開発 / 環境
a0WJ200000CDeTyMAL,東京都正規雇用転換安定化支援助成金（令和８年度第５回申請受付）,,東京都,1900000,2026-08-31T23:30:00.000Z,2026-09-30T08:15:00.000Z,従業員数の制約なし,事業 / 支援 / 助成 / 促進 / 環境
a0WJ200000CDeUDMA1,東京都若者世代職場定着促進助成金（令和８年度第５回申請受付）,,東京都,1260000,2026-08-31T23:30:00.000Z,2026-09-30T08:15:00.000Z,従業員数の制約なし,事業 / 支援 / 助成 / 促進 / 環境
a0WJ200000CDdRHMA1,【令和８年度】ハイブリッド連節バス導入支援事業（環境配慮型先進トラック・バス導入加速事業）,,全国,0,2026-07-17T05:00:00.000Z,2026-09-30T09:00:00.000Z,従業員数の制約なし,事業 / 支援 / 補助 / 導入 / 環境
a0WJ200000CDZ2OMAX,令和8年度　建築GX・DX推進事業,,全国,0,2026-07-01T01:00:00.000Z,2026-09-30T14:59:00.000Z,従業員数の制約なし,事業 / 支援 / 補助 / DX
a0WJ200000CDY6tMAH,令和8年度医療機関におけるＡＩ技術活用促進事業（単年度型）,,東京都,10000000,2026-04-14T15:00:00.000Z,2026-09-30T14:59:00.000Z,従業員数の制約なし,事業 / 促進 / 環境 / AI
a0WJ200000CDaTDMA1,女性の活躍推進に向けた職場環境改善奨励金　支給申請,,東京都,1800000,2026-09-01T00:00:00.000Z,2026-09-30T14:59:00.000Z,300名以下,事業 / 支援 / 環境
a0WJ200000CDaTFMA1,女性活躍情報公開促進奨励金　支給申請,,東京都,200000,2026-09-01T00:00:00.000Z,2026-09-30T14:59:00.000Z,100名以下,事業 / 支援 / 促進 / 環境
a0WJ200000CDY6vMAH,令和８年度社会福祉施設等への非常用電源等の整備促進事業補助金,,東京都,3750000,2026-07-20T15:00:00.000Z,2026-09-30T15:00:00.000Z,従業員数の制約なし,事業 / 支援 / 補助 / 促進 / 地域
a0WJ200000CDYQnMAP,令和８年度外国侵害調査費用助成事業,,東京都,2000000,2026-04-10T00:00:00.000Z,2026-10-01T08:00:00.000Z,300名以下,事業 / 助成
a0WJ200000CDYRHMA5,令和８年度外国著作権登録費用助成事業,,東京都,100000,2026-04-10T00:00:00.000Z,2026-10-01T08:00:00.000Z,300名以下,事業 / 助成
a0WJ200000CDYQoMAP,令和８年度特許調査費用助成事業,,東京都,1000000,2026-04-10T00:00:00.000Z,2026-10-01T08:00:00.000Z,300名以下,事業 / 助成 / 開発
a0WJ200000CDeSJMA1,令和8年度当初予算　二次公募　民間企業等による再エネの導入及び地域共生加速化事業のうち、ストレージパリティの達成に向けた太陽光発電設備等の価格低減促進事業,,全国,60000000,2026-08-27T06:00:00.000Z,2026-10-02T03:00:00.000Z,従業員数の制約なし,事業 / 補助 / 導入 / 促進 / 設備 / 地域 / 環境
a0WJ200000CDdoxMAD,「地熱ポテンシャル高度利活用技術開発」の追加公募,,全国,0,2026-08-31T01:00:00.000Z,2026-10-05T03:00:00.000Z,従業員数の制約なし,開発 / 研究
a0WJ200000CDe8tMAD,「風車生産技術研究開発」の公募,,全国,0,2026-09-04T01:00:00.000Z,2026-10-05T03:00:00.000Z,従業員数の制約なし,開発 / 研究
a0WJ200000CDdonMAD,経済安全保障重要技術育成プログラム／航空機エンジン向け先進材料技術の開発・実証/研究開発項目〔3〕「国産ニッケル基超合金における評価システム基盤整備」の公募,,全国,0,2026-09-04T05:00:00.000Z,2026-10-05T03:00:00.000Z,従業員数の制約なし,開発 / 研究 / 実証
a0WJ200000CDdRmMAL,令和８年度酒類業振興支援事業費補助金（第５期）,,北海道 / 青森県 / 岩手県 / 宮城県 / 秋田県 / 山形県 / 福島県 / 茨城県 / 栃木県 / 群馬県 / 埼玉県 / 新潟県 / 長野県 / 沖縄県 / 千葉県 / 東京都 / 神奈川県 / 山梨県 / 富山県 / 石川県 / 福井県 / 岐阜県 / 静岡県 / 愛知県 / 三重県 / 滋賀県 / 京都府 / 大阪府 / 兵庫県 / 奈良県 / 和歌山県 / 鳥取県 / 島根県 / 岡山県 / 広島県 / 山口県 / 徳島県 / 香川県 / 愛媛県 / 高知県 / 福岡県 / 佐賀県 / 長崎県 / 熊本県 / 大分県 / 宮崎県 / 鹿児島県,15000000,2026-08-18T01:00:00.000Z,2026-10-07T03:00:00.000Z,従業員数の制約なし,事業 / 支援 / 補助 / 促進 / 観光 / 販路 / 地域
a0WJ200000CDaooMAD,「海外研究者招へい事業（STeP JAPAN）」2027年度海外招へい研究者受入機関の募集,,全国,0,2026-07-16T01:00:00.000Z,2026-10-08T03:00:00.000Z,従業員数の制約なし,事業 / 開発 / 研究
a0WJ200000CDdnJMAT,令和７年度(補正予算) ゼロエミッション船等の建造促進事業 2次公募,,全国,0,2026-08-21T05:00:00.000Z,2026-10-09T03:00:00.000Z,従業員数の制約なし,事業 / 補助 / 導入 / 促進 / 設備 / 研究
a0WJ200000CDeS9MAL,令和７年度（補正予算）地域共生を目指したデータセンター脱炭素化設備導入支援事業（三次公募）,,全国,0,2026-09-01T05:00:00.000Z,2026-10-09T03:00:00.000Z,従業員数の制約なし,事業 / 支援 / 補助 / 導入 / 促進 / 設備 / 省エネ / 地域 / 環境 / AI
a0WJ200000CDdN0MAL,令和８年度 非石油由来製品等開発支援事業,,東京都,20000000,2026-07-31T00:00:00.000Z,2026-10-09T08:00:00.000Z,従業員数の制約なし,事業 / 支援 / 助成 / 開発
a0WJ200000CDeQmMAL,伝統的工芸品産業支援補助金（令和8年度第2回災害復興事業）,,新潟県 / 福井県 / 富山県 / 石川県,10000000,2026-08-28T05:00:00.000Z,2026-10-09T08:00:00.000Z,従業員数の制約なし,事業 / 支援 / 補助 / 設備 / 地域
a0W2x000007Cos5EAC,［第六回以降］事業再構築補助金（共同申請者）,事業再構築補助金,全国,150000000,2022-09-15T09:00:00.000Z,2026-10-12T14:59:00.000Z,従業員数の制約なし,事業 / 補助 / 環境
a0WJ200000CDWp3MAH,⼩規模事業者持続化補助⾦＜⼀般型 災害⽀援枠（令和６年能登半島地震等）＞10次公募【商⼯会地区】,,石川県,2000000,2026-07-27T08:00:00.000Z,2026-10-16T08:00:00.000Z,20名以下,事業 / 支援 / 補助 / 設備 / 販路 / 地域 / 環境
a0WJ200000CDdALMA1,小規模事業者持続化補助金＜一般型 災害支援枠（令和６年能登半島地震等）＞１０次公募【商工会議所地区】,小規模事業者持続化補助金＜一般型 災害支援枠＞,石川県,2000000,2026-07-27T06:00:00.000Z,2026-10-16T08:00:00.000Z,20名以下,事業 / 支援 / 補助 / 設備 / 販路 / 地域 / 環境
a0WJ200000CDUhfMAH,令和８年度訪問介護員等補助者同行支援補助金,,東京都,0,2026-08-30T15:00:00.000Z,2026-10-16T14:59:00.000Z,従業員数の制約なし,事業 / 支援 / 補助
a0WJ200000CDUheMAH,令和８年度訪問系介護サービス事業所に対する防犯機器等導入支援補助金,,東京都,100000,2026-08-30T15:00:00.000Z,2026-10-16T14:59:00.000Z,従業員数の制約なし,事業 / 支援 / 補助 / 導入
a0WJ200000CDYaFMAX,【令和７年度補正予算・令和８年度】二酸化炭素排出抑制対策事業費等補助金（業務用建築物ストックの省CO2改修調査支援事業（令和７年度補正予算二次公募・令和８年度一次公募））,,全国,1000000,2026-05-01T06:00:00.000Z,2026-10-22T08:00:00.000Z,従業員数の制約なし,事業 / 支援 / 補助 / 促進 / 環境
a0WJ200000CDPyeMAH,［第十三回］事業再構築補助金_GX進出類型（交付申請等）,事業再構築補助金,全国,150000000,2025-06-30T09:00:00.000Z,2026-10-29T14:59:00.000Z,従業員数の制約なし,事業 / 支援 / 補助 / 地域 / 環境
a0WJ200000CDczHMAT,【令和８年度２次公募】国立公園等利用拠点滞在環境等上質化事業（国立公園等資源整備事業費補助金）,,全国,0,2026-07-06T05:00:00.000Z,2026-10-30T08:00:00.000Z,従業員数の制約なし,事業 / 支援 / 補助 / 促進 / 観光 / 環境
a0WJ200000CDczMMAT,【令和８年度２次公募】国立公園等多言語解説等整備事業（国立公園等資源整備事業費補助金）,,全国,0,2026-07-06T05:00:00.000Z,2026-10-30T08:00:00.000Z,従業員数の制約なし,事業 / 補助 / 観光 / 環境
a0WJ200000CDaotMAD,【令和８年度】二酸化炭素排出抑制対策事業費等補助金（再エネ等由来水素を活用した自立・分散型エネルギーシステム構築等事業）,,全国,300000000,2026-06-22T07:00:00.000Z,2026-10-30T09:00:00.000Z,従業員数の制約なし,事業 / 補助 / 導入 / 促進 / 設備 / 地域 / 環境
a0WJ200000CDZ04MAH,産業車両等の脱炭素化促進事業のうち、港湾における脱炭素化促進事業（二酸化炭素排出抑制対策事業費等補助金）,,全国,100000000,2026-05-21T07:00:00.000Z,2026-10-30T09:00:00.000Z,従業員数の制約なし,事業 / 補助 / 導入 / 促進 / 設備 / 環境
a0WJ200000CDYzVMAX,産業車両等の脱炭素化促進事業のうち、空港における脱炭素化促進事業① 空港における再エネ活用型GPU等導入支援（二酸化炭素排出抑制対策事業費等補助金）,,全国,150000000,2026-05-21T07:00:00.000Z,2026-10-30T09:00:00.000Z,従業員数の制約なし,事業 / 支援 / 補助 / 導入 / 促進 / 設備 / 環境
a0WJ200000CDZ1GMAX,産業車両等の脱炭素化促進事業のうち、空港における脱炭素化促進事業③空港におけるEV・FCV型車両改造事業（二酸化炭素排出抑制対策事業費等補助金）,,全国,0,2026-05-21T07:00:00.000Z,2026-10-30T09:00:00.000Z,従業員数の制約なし,事業 / 補助 / 促進 / 設備 / 環境
a0WJ200000CDY6uMAH,令和8年度医療機関診療情報デジタル導入支援事業,,東京都,0,2026-04-14T15:00:00.000Z,2026-10-30T14:59:00.000Z,従業員数の制約なし,事業 / 支援 / 補助 / 導入 / 促進 / デジタル
a0WJ200000CDY4mMAH,令和７年度補正 業務産業用蓄電システム導入支援事業,,全国,15000000,2026-03-24T04:00:00.000Z,2026-10-30T15:00:00.000Z,従業員数の制約なし,事業 / 支援 / 補助 / 導入 / 促進 / 設備
a0WJ200000CDYbNMAX,エイジフレンドリー補助金,,全国,1000000,2026-05-20T00:00:00.000Z,2026-10-31T14:59:00.000Z,従業員数の制約なし,補助 / 導入 / 促進 / 設備 / 環境
a0WJ200000CDe4JMAT,令和７年度補正　再生可能エネルギー導入拡大・系統用蓄電池等電力貯蔵システム導入支援事業費補助金　系統用蓄電システム等導入支援事業,,全国,4000000000,2026-09-04T08:00:00.000Z,2026-11-04T08:00:00.000Z,従業員数の制約なし,事業 / 支援 / 補助 / 導入 / 設備 / 省エネ / 地域
a0WJ200000CDXkJMAX,「グリーンイノベーション基金事業／次世代型地熱技術の開発」の公募,,全国,0,2026-08-28T01:00:00.000Z,2026-11-10T03:00:00.000Z,従業員数の制約なし,事業 / 開発 / 研究
a0WJ200000CDZXbMAP,【鹿児島県】令和8年度_中小企業等海外展開支援事業費補助金（海外出願支援事業）,,鹿児島県,3000000,2026-05-25T06:00:00.000Z,2026-11-13T08:00:00.000Z,300名以下,事業 / 支援 / 補助 / 助成 / 促進 / 地域
a0WJ200000CDNDnMAP,令和８年度_Scope3排出量削減のための企業間連携による省CO2設備投資促進事業,,全国,1500000000,2026-07-30T07:00:00.000Z,2026-11-13T08:00:00.000Z,従業員数の制約なし,補助 / 導入 / 促進 / 設備 / 地域 / 環境
a0WJ200000CDZDHMA5,産業車両等の脱炭素化促進事業のうち、空港における脱炭素化促進事業②空港におけるEV・FCV型車両導入事業（二酸化炭素排出抑制対策事業費等補助金）,,全国,0,2026-07-02T07:00:00.000Z,2026-11-13T09:00:00.000Z,従業員数の制約なし,事業 / 補助 / 導入 / 促進 / 設備 / 環境
a0WJ200000CDd3OMAT,令和７年度（補正予算）地域脱炭素実現に向けた具体的施策実装支援事業（四次公募）,,全国,0,2026-07-13T01:00:00.000Z,2026-11-20T08:00:00.000Z,従業員数の制約なし,事業 / 支援 / 補助 / 導入 / 促進 / 設備 / 地域 / 環境
a0WJ200000CDd3YMAT,令和８年度地域脱炭素実現に向けた具体的施策実装支援事業,,全国,0,2026-07-13T01:00:00.000Z,2026-11-20T08:00:00.000Z,従業員数の制約なし,事業 / 支援 / 補助 / 導入 / 促進 / 設備 / 地域 / 環境
a0WJ200000CDYzQMAX,令和８年度　産業車両等の脱炭素化促進事業のうち、フォークリフトの燃料電池化促進事業（二酸化炭素排出抑制対策事業費等補助金）,,全国,5500000,2026-05-21T07:00:00.000Z,2026-11-27T09:00:00.000Z,従業員数の制約なし,事業 / 補助 / 導入 / 促進 / 環境
a0WJ200000CDY5GMAX,令和７年度補正 ディマンドリスポンスの拡大に向けたIoT化推進事業,,全国,20000000,2026-03-24T04:00:00.000Z,2026-11-27T15:00:00.000Z,従業員数の制約なし,事業 / 支援 / 補助 / 導入 / 促進 / 設備
a0WJ200000CDZzQMAX,【令和８年度】二酸化炭素排出抑制対策事業費等補助金（地域再エネ水素ステーション保守点検等支援事業）,,全国,2200000,2026-06-22T07:00:00.000Z,2026-11-28T09:00:00.000Z,従業員数の制約なし,事業 / 支援 / 補助 / 導入 / 設備 / 地域 / 環境
a0WJ200000CDa1gMAD,令和８年度二酸化炭素排出抑制対策事業費等補助金（運輸部門等の脱炭素化に向けた先進的システム社会実装促進事業のうち、農業機械の電動化促進事業）,,全国,72000000,2026-07-07T09:00:00.000Z,2026-11-30T03:00:00.000Z,従業員数の制約なし,事業 / 支援 / 補助 / 促進 / 環境
a0WJ200000CDYEGMA5,【令和８年度】働き方改革推進支援助成金,,全国,13700000,2026-04-12T15:00:00.000Z,2026-11-30T08:00:00.000Z,300名以下,事業 / 支援 / 助成 / 導入 / 促進 / 設備 / 地域 / 環境
a0WJ200000CDddVMAT,【山形県】令和8年度やまがた未来くるエネルギー補助金（山形県再生可能エネルギー等設備導入促進事業）,,山形県,0,2026-04-16T00:00:00.000Z,2026-11-30T08:00:00.000Z,従業員数の制約なし,事業 / 補助 / 導入 / 促進 / 設備 / 省エネ / 環境
a0WJ200000CDYfxMAH,古賀市中小企業等向け太陽光発電設備導入補助金,,福岡県,4500000,2026-03-13T00:00:00.000Z,2026-11-30T08:00:00.000Z,従業員数の制約なし,支援 / 補助 / 導入 / 設備 / 環境
a0WJ200000CDZIAMA5,埼玉県中小企業等奨学金返還支援事業補助金（令和８年度）,,埼玉県,0,2026-06-01T00:00:00.000Z,2026-11-30T08:00:00.000Z,従業員数の制約なし,事業 / 支援 / 補助 / 促進 / 人材
a0WJ200000CDXyuMAH,令和8年度　資源循環分野の脱炭素化促進事業,,全国,44000000,2026-04-14T07:00:00.000Z,2026-11-30T08:30:00.000Z,従業員数の制約なし,事業 / 支援 / 促進 / 研究 / 地域 / 環境
a0WJ200000CDYsRMAX,森・川・海ごみ削減実践活動支援事業補助金,,静岡県,100000,2026-04-13T15:00:00.000Z,2026-11-30T14:45:00.000Z,従業員数の制約なし,事業 / 支援 / 補助 / 助成 / 環境
a0WJ200000CDderMAD,令和8年度SDS電子化補助金,,全国,1000000,2026-08-01T01:00:00.000Z,2026-11-30T14:59:00.000Z,従業員数の制約なし,事業 / 補助 / 導入
a0WJ200000CDa1bMAD,令和８年度 脱炭素成長型経済構造移行推進対策費補助金 （業務用建築物の脱炭素改修加速化事業）,,全国,1000000000,2026-06-04T01:00:00.000Z,2026-11-30T14:59:00.000Z,従業員数の制約なし,事業 / 補助 / 導入 / 設備 / 省エネ / 環境
a0WJ200000CDYUmMAP,令和８年度多様な体験型観光推進事業補助金,,東京都,2000000,2026-04-01T00:00:00.000Z,2026-11-30T14:59:00.000Z,従業員数の制約なし,事業 / 補助 / 助成 / 観光 / 環境
a0WJ200000CDXvUMAX,令和８年度東京都医療ＤＸ人材育成支援事業,,東京都,500000,2026-04-14T15:00:00.000Z,2026-11-30T14:59:00.000Z,従業員数の制約なし,事業 / 支援 / 導入 / デジタル / 人材 / DX
a0WJ200000CDbYxMAL,女性活躍情報公開促進奨励金　中止届,,東京都,200000,2026-07-14T00:00:00.000Z,2026-11-30T14:59:00.000Z,100名以下,促進 / 環境
a0WJ200000CDYR2MAP,令和８年度海外商標対策支援助成事業,,東京都,5000000,2026-04-10T00:00:00.000Z,2026-12-01T08:00:00.000Z,300名以下,事業 / 支援 / 助成 / 販路
a0WJ200000CDYDCMA5,【農林水産省】中山間地域所得確保推進事業,,全国,5000000,2025-12-16T00:00:00.000Z,2026-12-01T08:15:00.000Z,従業員数の制約なし,事業 / 支援 / 助成 / 導入 / 販路 / 地域
a0WJ200000CDbyjMAD,令和８年度ゼロエミッション船等の導入支援事業,,全国,0,2026-08-24T05:00:00.000Z,2026-12-03T03:00:00.000Z,従業員数の制約なし,事業 / 支援 / 補助 / 導入 / 促進 / 研究
a0WJ200000CDXmVMAX,【令和８年度】INPIT外国出願補助金（中間手続補助）,,全国,500000,2026-04-01T01:00:00.000Z,2026-12-14T08:00:00.000Z,300名以下,支援 / 補助 / 促進 / 研究
a0WJ200000CDX1KMAX,中小企業人材確保のための奨学金返還支援事業【令和８年度企業登録】,,東京都,0,2026-02-05T05:00:00.000Z,2026-12-17T08:00:00.000Z,従業員数の制約なし,事業 / 支援 / 助成 / 促進 / 研究 / 人材 / 環境
a0WJ200000CDYC7MAP,【令和８年度】ＰＣＢ汚染変圧器高効率化補助金,,全国,1000000,2026-05-11T01:00:00.000Z,2026-12-18T06:00:00.000Z,従業員数の制約なし,事業 / 補助 / 導入
a0WJ200000CDYBxMAP,INPIT事業再編計画支援事業補助金（令和８年度）,,全国,6500000,2026-04-01T01:00:00.000Z,2026-12-18T08:00:00.000Z,901名以上,事業 / 支援 / 補助 / 助成
a0WJ200000CDdicMAD,【徳島県】令和８年度_中小企業等海外展開支援事業費補助金（海外出願支援事業）,,徳島県,3000000,2026-06-01T00:00:00.000Z,2026-12-18T08:00:00.000Z,300名以下,事業 / 支援 / 補助 / 助成 / 促進 / 研究 / 地域
a0WJ200000CDddbMAD,【福岡県宗像市】令和8年度 宗像市がんばる中小企業者応援補助金,,福岡県,0,2026-06-01T00:00:00.000Z,2026-12-25T02:00:00.000Z,300名以下,事業 / 補助 / 導入 / 設備 / 観光 / デジタル / 販路 / 人材
a0WJ200000CDddaMAD,【福岡県宗像市】令和8年度 宗像市創業応援補助金（“宗業”者応援補助金）,,福岡県,0,2026-06-01T00:00:00.000Z,2026-12-25T02:00:00.000Z,従業員数の制約なし,事業 / 支援 / 補助 / 開発 / 観光
a0WJ200000CDddZMAT,【福岡県宗像市】令和8年度 食のまち宗像推進補助金,,福岡県,0,2026-06-01T00:00:00.000Z,2026-12-25T02:00:00.000Z,従業員数の制約なし,事業 / 補助 / 開発 / 促進 / 観光 / 販路 / 地域
a0WJ200000CDY2TMAX,既存住宅流通活性化緊急促進事業,,北海道 / 宮城県 / 茨城県 / 埼玉県 / 千葉県 / 東京都 / 神奈川県 / 愛知県 / 滋賀県 / 京都府 / 大阪府 / 兵庫県 / 広島県 / 福岡県 / 佐賀県,158000000,2026-03-23T01:00:00.000Z,2026-12-25T08:00:00.000Z,従業員数の制約なし,事業 / 支援 / 補助 / 促進 / 地域
a0WJ200000CDddXMAT,【山形県】令和8年度地域主導型再生可能エネルギー導入支援事業費補助金,,山形県,240000,2026-04-01T00:00:00.000Z,2026-12-25T08:15:00.000Z,従業員数の制約なし,事業 / 支援 / 補助 / 導入 / 設備 / 地域 / 環境
a0WJ200000CDddWMAT,【山形県】令和8年度山形県再生可能エネルギー(小水力発電)事業可能性調査事業費補助金,,山形県,750000,2026-04-01T00:00:00.000Z,2026-12-25T08:15:00.000Z,従業員数の制約なし,事業 / 補助 / 促進 / 設備 / 環境
a0WJ200000CDdfpMAD,令和８年度　観光産業の活性化促進事業補助金,,東京都,25000000,2026-03-31T15:00:00.000Z,2026-12-25T14:59:00.000Z,従業員数の制約なし,事業 / 支援 / 補助 / 開発 / 促進 / 観光 / 環境
a0WJ200000CDYUlMAP,令和８度誰もが楽しめる自然体験型観光推進事業補助金,,東京都,5000000,2026-04-01T00:00:00.000Z,2026-12-25T14:59:00.000Z,従業員数の制約なし,事業 / 補助 / 導入 / 観光 / 環境
a0WJ200000CDbPLMA1,【久留米市】中小企業先端設備等導入支援補助金（令和8年度）,,福岡県,5000000,2026-06-30T23:30:00.000Z,2026-12-28T08:00:00.000Z,300名以下,支援 / 補助 / 助成 / 導入 / 設備 / 観光 / 環境
a0WJ200000CDVkeMAH,【経済産業省】ものづくり・商業・サービス生産性向上促進補助金（20次締切）,,全国,35000000,2025-10-27T08:00:00.000Z,2026-12-28T08:00:00.000Z,従業員数の制約なし,補助 / 導入 / 開発 / 促進 / 設備
a0W2x000007CStOEAW,農林水産物認証取得支援事業（水産認証取得支援事業）補助金,農林水産物認証取得支援事業（水産認証取得支援事業）補助金,東京都,0,2022-04-01T01:00:00.000Z,2026-12-28T08:00:00.000Z,従業員数の制約なし,事業 / 支援 / 補助 / 助成
a0W2x000007CStEEAW,農林水産物認証取得支援事業（農家認証取得支援事業）補助金,農林水産物認証取得支援事業（農家認証取得支援事業）補助金,東京都,0,2023-04-03T00:00:00.000Z,2026-12-28T08:00:00.000Z,従業員数の制約なし,事業 / 支援 / 補助 / 環境
a0WJ200000CDYTvMAP,【久留米市】久留米市キッチンカー導入事業費補助金（令和８年度）,,福岡県,300000,2026-03-31T23:30:00.000Z,2026-12-28T08:15:00.000Z,従業員数の制約なし,事業 / 補助 / 導入 / 促進 / 設備 / 観光
a0WJ200000CDbpCMAT,【久留米市】久留米市小規模事業者デジタル化支援補助金（令和８年度）,,福岡県,200000,2026-06-23T23:30:00.000Z,2026-12-28T08:15:00.000Z,20名以下,事業 / 支援 / 補助 / 導入 / 開発 / 促進 / 観光 / デジタル / 人材 / DX
a0WJ200000CDY6KMAX,【倉敷市】実証実験サポート事業,,全国,500000,2026-04-01T00:00:00.000Z,2026-12-28T08:15:00.000Z,従業員数の制約なし,事業 / 支援 / 補助 / 実証 / 地域 / AI
a0WJ200000CDYUPMA5,令和８年度フィンテック企業に対する海外進出支援事業 海外展示会共同出展,,東京都,0,2026-06-17T01:00:00.000Z,2026-12-28T14:45:00.000Z,従業員数の制約なし,事業 / 支援 / 補助 / 助成
a0WJ200000CDYUQMA5,令和８年度フィンテック企業に対する海外進出支援事業補助金,,東京都,3000000,2026-06-17T01:00:00.000Z,2026-12-28T14:45:00.000Z,従業員数の制約なし,事業 / 支援 / 補助 / 助成
a0WJ200000CDHQZMA5,在宅人工呼吸器使用難病患者非常用電源設備整備事業補助金,在宅人工呼吸器使用難病患者非常用電源設備整備事業補助金,全国,0,2026-03-31T15:00:00.000Z,2026-12-28T14:59:00.000Z,従業員数の制約なし,事業 / 補助 / 助成 / 設備
a0WJ200000CDYZ7MAP,【久留米市】中小企業止水板等設置事業費補助金（令和8年度）,,福岡県,500000,2026-03-31T23:30:00.000Z,2026-12-28T15:00:00.000Z,従業員数の制約なし,事業 / 支援 / 補助 / 助成 / 導入 / 設備 / 観光
a0WJ200000CDQuHMAX,令和７年度ＮＢＣ災害・テロ対策設備整備補助事業,,東京都,33762000,2025-11-03T15:00:00.000Z,2026-12-30T15:00:00.000Z,従業員数の制約なし,事業 / 補助 / 設備
a0WJ200000CDbYvMAL,女性の活躍推進に向けた職場環境改善奨励金　変更届,,東京都,1800000,2026-07-01T00:00:00.000Z,2026-12-31T14:59:00.000Z,300名以下,環境
a0WJ200000CDbYuMAL,女性活躍情報公開促進奨励金　変更届,,東京都,200000,2026-07-01T00:00:00.000Z,2026-12-31T14:59:00.000Z,100名以下,促進 / 環境
a0WJ200000CDY7KMAX,建築ＧＸ・ＤX推進事業（令和８年度）【代表事業者及び事業者の登録】,,全国,0,2026-04-07T09:00:00.000Z,2026-12-31T14:59:00.000Z,従業員数の制約なし,事業 / 支援 / 補助 / DX
a0WJ200000CDK7OMAX,中小企業の外国人従業員に対する研修等支援助成金（ウクライナ避難民採用企業コース）,,東京都,500000,2026-04-09T05:00:00.000Z,2027-01-14T14:59:00.000Z,従業員数の制約なし,支援 / 助成 / 人材
a0WJ200000CDK7NMAX,中小企業の外国人従業員に対する研修等支援助成金（一般コース）,,東京都,250000,2026-04-09T05:00:00.000Z,2027-01-14T14:59:00.000Z,300名以下,支援 / 助成 / 促進 / 人材
a0WJ200000CDe4nMAD,令和8年度 中小企業の外国人従業員に対する研修等支援助成金（ウクライナ避難民採用企業コース）,,東京都,500000,2026-04-09T05:00:00.000Z,2027-01-14T14:59:00.000Z,従業員数の制約なし,事業 / 支援 / 助成 / 人材
a0WJ200000CDe4iMAD,令和8年度 中小企業の外国人従業員に対する研修等支援助成金（一般コース）,,東京都,250000,2026-04-09T05:00:00.000Z,2027-01-14T14:59:00.000Z,300名以下,事業 / 支援 / 助成 / 促進 / 人材
a0WJ200000CDWZ9MAP,令和７年度補正予算　商用車等の電動化促進事業,,全国,17500000000,2026-04-24T05:00:00.000Z,2027-01-15T14:59:00.000Z,従業員数の制約なし,事業 / 支援 / 補助 / 導入 / 促進 / 設備 / 実証 / 省エネ / デジタル / 地域 / 環境
a0WJ200000CDYq2MAH,高度安全機械等導入支援補助金,,全国,0,2026-05-15T00:00:00.000Z,2027-01-28T08:00:00.000Z,300名以下,支援 / 補助 / 導入
a0WJ200000CDa1RMAT,令和８年度における都型放課後等デイサービス事業補助金,,東京都,443200,2026-07-01T00:00:00.000Z,2027-01-28T15:00:00.000Z,従業員数の制約なし,事業 / 支援 / 補助
a0W5h00000ZuemGEAR,ゼロエミッション実現に向けた経営推進支援事業 助成金,ゼロエミッション実現に向けた経営推進支援事業助成金,東京都,15000000,2026-05-13T15:00:00.000Z,2027-01-29T08:00:00.000Z,900名以下,事業 / 支援 / 助成 / 導入 / 設備
a0WJ200000CDXRpMAP,令和７年度（補正）　商用車等の電動化促進事業（建設機械）,,全国 / 北海道 / 青森県 / 岩手県 / 宮城県 / 秋田県 / 山形県 / 福島県 / 茨城県 / 栃木県 / 群馬県 / 埼玉県 / 千葉県 / 東京都 / 神奈川県 / 新潟県 / 山梨県 / 長野県 / 富山県 / 石川県 / 福井県 / 岐阜県 / 静岡県 / 愛知県 / 三重県 / 滋賀県 / 京都府 / 大阪府 / 兵庫県 / 奈良県 / 和歌山県 / 鳥取県 / 島根県 / 岡山県 / 広島県 / 山口県 / 徳島県 / 香川県 / 愛媛県 / 高知県 / 福岡県 / 佐賀県 / 長崎県 / 熊本県 / 大分県 / 宮崎県 / 鹿児島県 / 沖縄県,1431000000,2026-03-19T05:00:00.000Z,2027-01-29T08:00:00.000Z,従業員数の制約なし,事業 / 支援 / 補助 / 導入 / 促進 / 設備 / 環境
a0WJ200000CDYSPMA5,令和８年度子育て【宅配ボックス】,子育て支援型共同住宅推進事業,全国,0,2026-04-08T00:00:00.000Z,2027-01-29T08:00:00.000Z,従業員数の制約なし,事業 / 支援 / 補助
a0WJ200000CDXH1MAP,熊谷市中小企業SDGs経営・ジギョケイ策定支援奨励金,,埼玉県,0,2026-04-01T00:00:00.000Z,2027-01-29T08:15:00.000Z,従業員数の制約なし,支援 / 補助
a0WJ200000CDdPBMA1,【令和８年度】ハイブリッド及び天然ガストラック・バス導入支援事業（環境配慮型先進トラック・バス導入加速事業）,,全国,0,2026-07-17T05:00:00.000Z,2027-01-29T09:00:00.000Z,従業員数の制約なし,事業 / 支援 / 補助 / 導入 / 環境
a0WJ200000CDMSsMAP,デジタル証券（セキュリティトークン）市場拡大促進事業補助金,デジタル証券（セキュリティトークン）市場拡大促進事業,東京都,7500000,2026-04-09T15:00:00.000Z,2027-01-29T14:59:00.000Z,従業員数の制約なし,事業 / 補助 / 助成 / 開発 / 促進 / デジタル
a0WJ200000CDZDCMA5,令和8年度_低炭素型ディーゼルトラック普及加速化事業,,全国,0,2026-06-08T05:00:00.000Z,2027-01-29T14:59:00.000Z,従業員数の制約なし,事業 / 補助 / 導入 / 環境
a0WJ200000CDMQvMAP,令和８年度フィンテック企業等に対するイノベーション支援事業（金融サービス事業化支援補助金）,フィンテック企業に対する海外進出支援事業,東京都,4000000,2026-04-07T15:00:00.000Z,2027-01-29T15:00:00.000Z,従業員数の制約なし,事業 / 支援 / 補助 / 助成 / 導入 / 促進
a0WJ200000CDYW6MAP,岡崎ものづくり支援補助金（プラットフォーム活用事業）,,愛知県,500000,2026-03-31T15:00:00.000Z,2027-01-31T14:59:00.000Z,従業員数の制約なし,事業 / 支援 / 補助 / 開発
a0WJ200000CDYW3MAP,岡崎ものづくり支援補助金（依頼試験事業）,,愛知県,500000,2026-03-31T15:00:00.000Z,2027-01-31T14:59:00.000Z,従業員数の制約なし,事業 / 支援 / 補助 / 開発 / 研究
a0WJ200000CDYW2MAP,岡崎ものづくり支援補助金（共同研究事業）,,愛知県,500000,2026-03-31T15:00:00.000Z,2027-01-31T14:59:00.000Z,従業員数の制約なし,事業 / 支援 / 補助 / 開発 / 研究
a0WJ200000CDYW7MAP,岡崎ものづくり支援補助金（新製品共創事業）,,愛知県,300000,2026-03-31T15:00:00.000Z,2027-01-31T14:59:00.000Z,従業員数の制約なし,事業 / 支援 / 補助 / 開発
a0WJ200000CDYW5MAP,岡崎ものづくり支援補助金（知的財産権取得事業）,,愛知県,300000,2026-03-31T15:00:00.000Z,2027-01-31T14:59:00.000Z,従業員数の制約なし,事業 / 支援 / 補助 / 開発
a0WJ200000CDYvPMAX,【大阪府和泉市】再エネ・省エネ機器設置促進事業補助金（事業者用）,,大阪府,0,2026-04-27T00:00:00.000Z,2027-02-01T08:15:00.000Z,従業員数の制約なし,事業 / 補助 / 導入 / 促進 / 設備 / 省エネ / 環境
a0WJ200000CDYyhMAH,令和8年度テレワークトータルサポート助成金,,東京都,2500000,2026-05-29T00:00:00.000Z,2027-02-05T14:59:00.000Z,従業員数の制約なし,支援 / 助成 / 導入 / 促進 / 環境
a0WJ200000CDYUkMAP,令和８年度乗降用リフト装置付バス利用支援補助金,,東京都,50000,2026-04-08T00:00:00.000Z,2027-02-05T14:59:00.000Z,従業員数の制約なし,支援 / 補助 / 助成 / 観光 / 地域 / 環境
a0WJ200000CDdMCMA1,自立・帰還支援雇用創出企業立地補助金（商業施設等復興整備補助事業）（十一次公募）,,福島県,500000000,2026-07-30T03:00:00.000Z,2027-02-19T08:00:00.000Z,従業員数の制約なし,事業 / 支援 / 補助 / 促進 / 環境
a0WJ200000CDYCmMAP,【堺市】余剰電力等活用型太陽光発電設備整備事業（堺エネルギー地産地消プロジェクト推進事業補助金）,,大阪府,0,2026-06-04T00:00:00.000Z,2027-02-26T08:00:00.000Z,従業員数の制約なし,事業 / 補助 / 導入 / 設備 / 地域 / 環境
a0WJ200000CDY5VMAX,令和8年度　農林水産物認証取得支援事業（森林認証取得支援事業）補助金,,東京都,400000,2026-04-15T00:00:00.000Z,2027-02-26T08:00:00.000Z,従業員数の制約なし,事業 / 支援 / 補助
a0WJ200000CDYSAMA5,令和８年度子育て【建設型】初年度,子育て支援型共同住宅推進事業,全国,0,2026-04-08T00:00:00.000Z,2027-02-26T08:00:00.000Z,従業員数の制約なし,事業 / 支援 / 補助
a0WJ200000CDYSFMA5,令和８年度子育て【改修型】,子育て支援型共同住宅推進事業,全国,0,2026-04-08T00:00:00.000Z,2027-02-26T08:00:00.000Z,従業員数の制約なし,事業 / 支援 / 補助
a0WJ200000CDbyyMAD,小樽市省エネルギー診断補助金,,北海道,50000,2026-04-15T00:00:00.000Z,2027-02-26T08:00:00.000Z,従業員数の制約なし,補助 / 設備 / 省エネ / 環境
a0WJ200000CDddUMAT,松戸市事業用省エネルギー設備等導入促進事業費補助金,,千葉県,0,2026-04-01T00:00:00.000Z,2027-02-26T08:00:00.000Z,従業員数の制約なし,事業 / 補助 / 導入 / 促進 / 設備 / 省エネ / 環境
a0WJ200000CDap3MAD,令和8年度　育児・介護との両立のためのテレワーク活用促進奨励金,,東京都,300000,2026-06-15T00:00:00.000Z,2027-02-26T14:59:00.000Z,300名以下,事業 / 支援 / 導入 / 促進 / 環境
a0WJ200000CDYa0MAH,令和８年度サテライトオフィス勤務導入奨励金,,東京都,100000,2026-04-28T05:00:00.000Z,2027-02-26T14:59:00.000Z,従業員数の制約なし,支援 / 導入 / 促進 / 環境
a0WJ200000CDYaAMAX,令和８年度テレワーク定着強化奨励金,,東京都,400000,2026-05-29T00:00:00.000Z,2027-02-26T14:59:00.000Z,従業員数の制約なし,支援 / 環境
a0WJ200000CDYa5MAH,令和８年度ワーケーション勤務導入奨励金,,東京都,100000,2026-04-28T05:00:00.000Z,2027-02-26T14:59:00.000Z,従業員数の制約なし,支援 / 導入 / 促進 / 環境
a0WJ200000CDK76MAH,東京都民間事業者に係る低公害・低燃費車導入促進補助金（補助金申請）,,東京都,200000,2026-03-31T15:00:00.000Z,2027-02-26T14:59:00.000Z,従業員数の制約なし,補助 / 導入 / 促進
a0WJ200000CDYvQMAX,令和8年度岸和田市「市内丸ごとラボ」実証事業推進補助金,,大阪府,1000000,2026-04-01T00:00:00.000Z,2027-02-28T08:00:00.000Z,従業員数の制約なし,事業 / 支援 / 補助 / 開発 / 実証
a0WJ200000CDXk9MAH,【飯塚市】令和8年度外国人材受入環境整備事業費補助金,,福岡県,150000,2026-03-31T23:30:00.000Z,2027-02-28T08:15:00.000Z,従業員数の制約なし,事業 / 補助 / 促進 / 人材 / 地域 / 環境
a0WJ200000CDY1VMAX,【長野県茅野市】製造業等労務環境改善・競争力強化促進補助金,,長野県,0,2026-03-31T15:00:00.000Z,2027-02-28T14:59:00.000Z,300名以下,支援 / 補助 / 促進 / 設備 / デジタル / 地域 / 環境 / DX
a0WJ200000CDYnpMAH,令和8年度 バス事業者人材開発支援奨励金,バス事業者人材開発支援奨励金,東京都,1900000,2026-05-29T05:00:00.000Z,2027-02-28T14:59:00.000Z,300名以下,事業 / 支援 / 開発 / 人材
a0WJ200000CDL8JMAX,令和６年度補正予算　商用車等の電動化促進事業,,全国,29500000000,2025-03-30T15:00:00.000Z,2027-02-28T14:59:00.000Z,従業員数の制約なし,補助 / 導入 / 促進 / 設備 / デジタル / 人材 / 地域 / 環境
a0WJ200000CDbYyMAL,女性の活躍推進に向けた職場環境改善奨励金　中止届,,東京都,1800000,2026-07-14T00:00:00.000Z,2027-02-28T14:59:00.000Z,300名以下,環境
a0WJ200000CDdm6MAD,松山港利用促進インセンティブ補助金（荷主向け）,,愛媛県,0,2026-07-29T00:00:00.000Z,2027-02-28T14:59:00.000Z,従業員数の制約なし,事業 / 支援 / 補助 / 促進 / 地域
a0WJ200000CDXEmMAP,令和８年度スキルアップ支援事業,,東京都,2500000,2026-02-28T15:00:00.000Z,2027-02-28T15:00:00.000Z,従業員数の制約なし,事業 / 支援 / 助成 / 人材 / DX
a0WJ200000CDXMiMAP,令和８年度資格取得サポート助成金,中小企業人材スキルアップ支援事業,東京都,1000000,2026-04-30T05:00:00.000Z,2027-02-28T15:00:00.000Z,従業員数の制約なし,事業 / 支援 / 助成 / 人材
a0WJ200000CDY6GMAX,川越市中小企業者等物価高騰対策経営改善支援金,,埼玉県,100000,2026-05-10T23:30:00.000Z,2027-03-01T08:15:00.000Z,従業員数の制約なし,支援 / 補助 / 導入 / 設備
a0WJ200000CDa42MAD,令和８年度金融機関と連携したサステナビリティ経営促進事業（ＳＬＬ／ＰＩＦ）,,東京都,2000000,2026-04-30T05:00:00.000Z,2027-03-01T14:59:00.000Z,従業員数の制約なし,事業 / 補助 / 促進
a0WJ200000CDbyzMAD,橿原市業務改善支援補助金,,奈良県,100000,2026-03-31T23:30:00.000Z,2027-03-12T08:15:00.000Z,300名以下,支援 / 補助 / 助成 / 地域
a0WJ200000CDY1kMAH,【長野県茅野市】受注及び販路開拓支援事業補助金,,長野県,0,2026-03-31T15:00:00.000Z,2027-03-17T14:59:00.000Z,300名以下,事業 / 支援 / 補助 / 促進 / 販路
a0WJ200000CDd5XMAT,令和８年度SDGsファイナンス支援事業補助金(グリーンボンド/グリーンローン),,全国,2000000,2026-07-01T05:00:00.000Z,2027-03-19T11:00:00.000Z,従業員数の制約なし,事業 / 支援 / 補助 / 促進 / 地域 / 環境
a0WJ200000CDdA6MAL,令和８年度SDGsファイナンス支援事業補助金(ソーシャルボンド/ソーシャルローン),,全国,3000000,2026-07-01T05:00:00.000Z,2027-03-19T11:00:00.000Z,従業員数の制約なし,事業 / 支援 / 補助 / 促進
a0WJ200000CDd9xMAD,令和８年度SDGsファイナンス支援事業補助金(トランジションボンド/トランジションローン),,全国,1000000,2026-07-01T05:00:00.000Z,2027-03-19T11:00:00.000Z,従業員数の制約なし,事業 / 支援 / 補助 / 促進
a0WJ200000CDd9wMAD,令和８年度SDGsファイナンス支援事業補助金(ブルーボンド/ブルーローン),,全国,5000000,2026-07-01T05:00:00.000Z,2027-03-19T11:00:00.000Z,従業員数の制約なし,事業 / 支援 / 補助 / 促進 / 地域 / 環境
a0WJ200000CDdABMA1,令和８年度SDGsファイナンス支援事業補助金(個人向けSDGs預金),,全国,1000000,2026-07-01T05:00:00.000Z,2027-03-19T11:00:00.000Z,従業員数の制約なし,事業 / 支援 / 補助
a0WJ200000CDX4vMAH,【経済産業省】ものづくり・商業・サービス生産性向上促進補助金（21次締切）,,全国,40000000,2026-01-23T08:00:00.000Z,2027-03-23T08:00:00.000Z,従業員数の制約なし,補助 / 導入 / 開発 / 促進 / 設備
a0WJ200000CDY72MAH,令和８年度東京港物流効率化等事業補助金,,全国,272000000,2026-04-14T15:00:00.000Z,2027-03-30T15:00:00.000Z,従業員数の制約なし,事業 / 補助 / 環境
a0WJ200000CDXk8MAH,【飯塚市】令和8年度海外展開支援事業費補助金,,福岡県,100000,2026-04-01T00:55:00.000Z,2027-03-31T00:55:00.000Z,300名以下,事業 / 支援 / 補助 / 促進 / 販路 / 地域
a0WJ200000CDXENMA5,民放ラジオ難聴解消支援事業（令和８年度公募）,,全国,0,2026-01-30T05:00:00.000Z,2027-03-31T03:00:00.000Z,従業員数の制約なし,事業 / 支援 / 補助 / 促進 / 設備
a0WJ200000CDXFjMAP,地上基幹放送等に関する耐災害性強化支援事業（令和８年度公募）,,全国,0,2026-01-30T05:00:00.000Z,2027-03-31T05:00:00.000Z,従業員数の制約なし,事業 / 支援 / 補助 / 促進 / 設備 / 地域
a0WJ200000CDYfeMAH,【東海市】企業立地交付金（中小企業再投資交付金）,,愛知県,0,2026-03-31T15:00:00.000Z,2027-03-31T07:00:00.000Z,従業員数の制約なし,導入 / 設備 / 環境
a0WJ200000CDYffMAH,【東海市】小規模企業等振興資金等信用保証料補助金,,愛知県,120000,2026-03-31T15:00:00.000Z,2027-03-31T07:00:00.000Z,300名以下,支援 / 補助 / 環境
a0WJ200000CDYfdMAH,【東海市】東海市企業立地交付金（工場等新設交付金）,,愛知県,0,2026-03-31T15:00:00.000Z,2027-03-31T07:00:00.000Z,従業員数の制約なし,支援 / 促進 / 地域 / 環境
a0WJ200000CDYCrMAP,【内閣府】地方創生に資する利子補給制度（金融支援）,,全国,0,2026-03-27T00:00:00.000Z,2027-03-31T08:00:00.000Z,従業員数の制約なし,支援 / 地域
a0WJ200000CDYUXMA5,【埼玉県】埼玉県民間事業者CO₂排出削減設備導入補助金（緊急対策枠）,埼玉県民間事業者CO2排出削減設備導入補助金,埼玉県,5000000,2026-04-27T00:00:00.000Z,2027-03-31T08:00:00.000Z,300名以下,事業 / 支援 / 補助 / 導入 / 促進 / 設備 / 省エネ / 環境
a0WJ200000CDZz6MAH,【愛知県大府市】2026年度大府市カーボンニュートラル推進生産設備導入支援補助金（ユーティリティ設備）,,愛知県,1000000,2026-04-01T00:00:00.000Z,2027-03-31T08:00:00.000Z,従業員数の制約なし,支援 / 補助 / 導入 / 促進 / 設備 / 省エネ / 環境
a0WJ200000CDZz2MAH,【愛知県大府市】大府市産業立地の奨励措置,,愛知県,0,2026-04-01T00:00:00.000Z,2027-03-31T08:00:00.000Z,従業員数の制約なし,補助 / 開発 / 促進 / 研究 / 地域 / 環境
a0WJ200000CDdtHMAT,がんばろう赤磐中小企業省エネ設備更新支援補助金,,岡山県,0,2026-08-16T15:00:00.000Z,2027-03-31T08:00:00.000Z,900名以下,事業 / 支援 / 補助 / 導入 / 設備 / 観光 / 省エネ
a0WJ200000CDY9gMAH,令和8年度省エネ型VOC排出削減設備導入促進事業,,東京都,20000000,2026-04-01T00:00:00.000Z,2027-03-31T08:00:00.000Z,300名以下,事業 / 支援 / 補助 / 導入 / 促進 / 設備 / 省エネ / 環境
a0WJ200000CDYvnMAH,休廃止鉱山の鉱害防止に係るエネルギー使用合理化事業費補助金（令和８年度）【中国監督部】,,全国,80000000,2026-05-19T00:00:00.000Z,2027-03-31T08:00:00.000Z,従業員数の制約なし,事業 / 補助 / 促進
a0WJ200000CDYviMAH,休廃止鉱山の鉱害防止に係るエネルギー使用合理化事業費補助金（令和８年度）【北海道監督部】,,全国,80000000,2026-05-19T00:00:00.000Z,2027-03-31T08:00:00.000Z,従業員数の制約なし,事業 / 補助 / 促進
a0WJ200000CDYfwMAH,古賀市温室効果ガス排出量可視化システム導入費補助金,,福岡県,150000,2026-04-01T00:00:00.000Z,2027-03-31T08:00:00.000Z,従業員数の制約なし,補助 / 助成 / 導入 / 促進 / 環境
a0WJ200000CDXORMA5,地上基幹放送ネットワーク整備等事業（令和７年度補正予算及び令和８年度当初予算）,,全国,0,2026-01-30T05:00:00.000Z,2027-03-31T08:00:00.000Z,従業員数の制約なし,事業 / 支援 / 補助 / 促進 / 設備
a0WJ200000CDYvXMAX,多摩市ふるさと納税を活用した資金調達支援事業補助金,,東京都,0,2026-04-01T00:00:00.000Z,2027-03-31T08:00:00.000Z,従業員数の制約なし,事業 / 支援 / 補助 / 観光 / 地域
a0WJ200000CDeTAMA1,小郡市企業立地優遇制度,,福岡県,0,2026-08-27T00:00:00.000Z,2027-03-31T08:00:00.000Z,従業員数の制約なし,事業 / 支援 / 補助 / 開発 / 促進 / 設備 / 研究
a0WJ200000CDYvRMAX,岸和田市オフィス誘致補助金,,大阪府,0,2026-04-01T00:00:00.000Z,2027-03-31T08:00:00.000Z,従業員数の制約なし,補助 / 促進
a0WJ200000CDbz0MAD,橿原市起業等スタートアップ補助金,,奈良県,500000,2026-03-31T23:30:00.000Z,2027-03-31T08:15:00.000Z,300名以下,補助 / 開発 / 地域
a0WJ200000CDY91MAH,休廃止鉱山鉱害防止等工事費補助金（令和７年度補正）【中国監督部】,,全国,1123811000,2026-03-25T00:00:00.000Z,2027-03-31T09:00:00.000Z,従業員数の制約なし,補助 / 促進
a0WJ200000CDY8DMAX,休廃止鉱山鉱害防止等工事費補助金（令和７年度補正）【中部監督部】,,全国,1123811000,2026-03-25T00:00:00.000Z,2027-03-31T09:00:00.000Z,従業員数の制約なし,補助 / 促進
a0WJ200000CDY9BMAX,休廃止鉱山鉱害防止等工事費補助金（令和７年度補正）【九州監督部】,,全国,1123811000,2026-03-25T00:00:00.000Z,2027-03-31T09:00:00.000Z,従業員数の制約なし,補助 / 促進
a0WJ200000CDY7tMAH,休廃止鉱山鉱害防止等工事費補助金（令和７年度補正）【北海道監督部】,,全国,1123811000,2026-03-25T00:00:00.000Z,2027-03-31T09:00:00.000Z,従業員数の制約なし,補助 / 促進
a0WJ200000CDY96MAH,休廃止鉱山鉱害防止等工事費補助金（令和７年度補正）【四国支部】,,全国,1123811000,2026-03-25T00:00:00.000Z,2027-03-31T09:00:00.000Z,従業員数の制約なし,補助 / 促進
a0WJ200000CDY7yMAH,休廃止鉱山鉱害防止等工事費補助金（令和７年度補正）【東北支部】,,全国,1123811000,2026-03-25T00:00:00.000Z,2027-03-31T09:00:00.000Z,従業員数の制約なし,補助 / 促進
a0WJ200000CDY89MAH,休廃止鉱山鉱害防止等工事費補助金（令和７年度補正）【近畿支部】,,全国,1123811000,2026-03-25T00:00:00.000Z,2027-03-31T09:00:00.000Z,従業員数の制約なし,補助 / 促進
a0WJ200000CDY88MAH,休廃止鉱山鉱害防止等工事費補助金（令和７年度補正）【関東監督部】,,全国,1123811000,2026-03-25T00:00:00.000Z,2027-03-31T09:00:00.000Z,従業員数の制約なし,補助 / 促進
a0WJ200000CDYuhMAH,休廃止鉱山鉱害防止等工事費補助金（令和８年度当初）【中国監督部】,,全国,2212849000,2026-05-19T03:00:00.000Z,2027-03-31T09:00:00.000Z,従業員数の制約なし,補助 / 促進
a0WJ200000CDYuXMAX,休廃止鉱山鉱害防止等工事費補助金（令和８年度当初）【中部監督部】,,全国,2212849000,2026-05-19T03:00:00.000Z,2027-03-31T09:00:00.000Z,従業員数の制約なし,補助 / 促進
a0WJ200000CDYurMAH,休廃止鉱山鉱害防止等工事費補助金（令和８年度当初）【九州監督部】,,全国,2212849000,2026-05-19T03:00:00.000Z,2027-03-31T09:00:00.000Z,従業員数の制約なし,補助 / 促進
a0WJ200000CDYu3MAH,休廃止鉱山鉱害防止等工事費補助金（令和８年度当初）【北海道監督部】,,全国,2212849000,2026-05-19T03:00:00.000Z,2027-03-31T09:00:00.000Z,従業員数の制約なし,補助 / 促進
a0WJ200000CDYumMAH,休廃止鉱山鉱害防止等工事費補助金（令和８年度当初）【四国支部】,,全国,2212849000,2026-05-19T03:00:00.000Z,2027-03-31T09:00:00.000Z,従業員数の制約なし,補助 / 促進
a0WJ200000CDYuIMAX,休廃止鉱山鉱害防止等工事費補助金（令和８年度当初）【東北支部】,,全国,2212849000,2026-05-19T03:00:00.000Z,2027-03-31T09:00:00.000Z,従業員数の制約なし,補助 / 促進
a0WJ200000CDYucMAH,休廃止鉱山鉱害防止等工事費補助金（令和８年度当初）【近畿支部】,,全国,2212849000,2026-05-19T03:00:00.000Z,2027-03-31T09:00:00.000Z,従業員数の制約なし,補助 / 促進
a0WJ200000CDYuSMAX,休廃止鉱山鉱害防止等工事費補助金（令和８年度当初）【関東監督部】,,全国,2212849000,2026-05-19T03:00:00.000Z,2027-03-31T09:00:00.000Z,従業員数の制約なし,補助 / 促進
a0WJ200000CDYCpMAP,深谷市中小企業者経営革新計画策定奨励金,,埼玉県,50000,2025-03-31T15:00:00.000Z,2027-03-31T14:45:00.000Z,300名以下,事業 / 促進
a0WJ200000CDXqMMAX,深谷市起業家支援事業補助金,,埼玉県,200000,2026-03-30T00:00:00.000Z,2027-03-31T14:45:00.000Z,300名以下,事業 / 支援 / 補助 / 設備 / 地域
a0WJ200000CDYsSMAX,【三重県　鈴鹿市】令和8年度創業促進補助金,,三重県,300000,2026-03-31T15:00:00.000Z,2027-03-31T14:59:00.000Z,従業員数の制約なし,支援 / 補助 / 促進
a0WJ200000CDbHxMAL,【令和８年度】医療機関等におけるマイナンバーカード利活用推進事業補助金,,東京都,141000,2026-07-15T00:00:00.000Z,2027-03-31T14:59:00.000Z,従業員数の制約なし,事業 / 補助 / 助成 / デジタル / DX
a0WJ200000CDYCnMAP,【福岡市】グリーンビル促進事業（都心部のオフィスビルなどへの緑化助成）,,福岡県,30000000,2026-03-31T15:00:00.000Z,2027-03-31T14:59:00.000Z,従業員数の制約なし,事業 / 補助 / 助成 / 促進
a0WJ200000CDY1uMAH,【長野県茅野市】インターンシップ等促進事業補助金,,長野県,0,2026-03-31T15:00:00.000Z,2027-03-31T14:59:00.000Z,従業員数の制約なし,事業 / 補助 / 促進 / 人材
a0WJ200000CDY1pMAH,【長野県茅野市】中小企業人材育成等支援補助金,,長野県,0,2026-03-31T15:00:00.000Z,2027-03-31T14:59:00.000Z,300名以下,支援 / 補助 / デジタル / 人材 / DX
a0WJ200000CDY1GMAX,【長野県茅野市】中小企業振興補助金（商業関係）,,長野県,0,2026-03-31T15:00:00.000Z,2027-03-31T14:59:00.000Z,従業員数の制約なし,支援 / 補助 / 環境
a0WJ200000CDY1fMAH,【長野県茅野市】新商品開発事業補助金,,長野県,300000,2026-03-31T15:00:00.000Z,2027-03-31T14:59:00.000Z,従業員数の制約なし,事業 / 補助 / 開発 / 観光 / 地域
a0WJ200000CDY6dMAH,【長野県茅野市】特定創業者等支援奨励金（事業承継）,,長野県,100000,2026-03-31T15:00:00.000Z,2027-03-31T14:59:00.000Z,300名以下,事業 / 支援 / 促進 / 地域
a0WJ200000CDY6cMAH,【長野県茅野市】特定創業者等支援奨励金（特定創業者）,,長野県,100000,2026-03-31T15:00:00.000Z,2027-03-31T14:59:00.000Z,300名以下,支援 / 促進 / 地域
a0WJ200000CDY1zMAH,【長野県茅野市】雇用促進奨励金,,長野県,0,2026-03-31T15:00:00.000Z,2027-03-31T14:59:00.000Z,従業員数の制約なし,促進 / 人材
a0WJ200000CDXFgMAP,京都型グローバル・ニッチ・トップ企業育成補助金,,全国,100000000,2025-03-31T15:00:00.000Z,2027-03-31T14:59:00.000Z,従業員数の制約なし,事業 / 支援 / 補助 / 促進 / 観光
a0WJ200000CDXFiMAP,京都市企業立地促進制度補助金［お試し立地支援制度］,,全国,500000,2025-03-31T15:00:00.000Z,2027-03-31T14:59:00.000Z,従業員数の制約なし,支援 / 補助 / 促進 / 観光
a0WJ200000CDXFfMAP,京都市企業立地促進制度補助金［市内初進出支援制度］,,全国,70000000,2025-03-31T15:00:00.000Z,2027-03-31T14:59:00.000Z,従業員数の制約なし,支援 / 補助 / 促進 / 観光
a0WJ200000CDXFhMAP,京都市企業立地促進制度補助金［本社・工場等新増設等支援制度］,,全国,100000000,2025-03-31T15:00:00.000Z,2027-03-31T14:59:00.000Z,従業員数の制約なし,支援 / 補助 / 開発 / 促進 / 設備 / 観光 / 地域
a0WJ200000CDb86MAD,今治市企業立地促進奨励金,,愛媛県,0,2026-03-31T15:00:00.000Z,2027-03-31T14:59:00.000Z,従業員数の制約なし,開発 / 促進 / 設備 / 研究
a0WJ200000CDb8CMAT,今治市指定区域大規模用地取得奨励金,企業立地優遇制度（今治市企業立地促進条例）,愛媛県,0,2026-03-31T15:00:00.000Z,2027-03-31T14:59:00.000Z,従業員数の制約なし,促進
a0WJ200000CDb8BMAT,今治市指定区域用地取得奨励金,企業立地優遇制度（今治市企業立地促進条例）,愛媛県,500000000,2026-03-31T15:00:00.000Z,2027-03-31T14:59:00.000Z,従業員数の制約なし,促進
a0WJ200000CDb8AMAT,今治市設備投資奨励金,,愛媛県,10000000,2026-03-31T15:00:00.000Z,2027-03-31T14:59:00.000Z,300名以下,導入 / 開発 / 促進 / 設備 / 研究 / 環境
a0WJ200000CDb87MAD,今治市賃貸借型企業立地奨励金（賃借料に対する奨励金）,,愛媛県,18000000,2026-03-31T15:00:00.000Z,2027-03-31T14:59:00.000Z,従業員数の制約なし,開発 / 促進 / 研究
a0WJ200000CDb88MAD,今治市賃貸借型企業立地奨励金（開設費用に対する奨励金）,,愛媛県,5000000,2026-03-31T15:00:00.000Z,2027-03-31T14:59:00.000Z,従業員数の制約なし,事業 / 開発 / 促進 / 研究
a0WJ200000CDb89MAD,今治市雇用促進奨励金,,愛媛県,100000000,2026-03-31T15:00:00.000Z,2027-03-31T14:59:00.000Z,従業員数の制約なし,開発 / 促進 / 研究
a0WJ200000CDY2OMAX,令和8年度職場内障害者サポーター事業,,東京都,240000,2026-03-31T15:00:00.000Z,2027-03-31T14:59:00.000Z,従業員数の制約なし,事業 / 支援 / 促進
a0WJ20000087jeOMAQ,令和６年度こどもDX推進に向けた医療機関等におけるマイナンバーカード利活用推進事業補助金,医療機関等におけるマイナンバーカード利活用推進事業,東京都,141000,2024-09-27T00:00:00.000Z,2027-03-31T14:59:00.000Z,従業員数の制約なし,事業 / 補助 / 助成 / デジタル / DX
a0WJ200000CDRArMAP,令和７年度こどもDX推進に向けた医療機関等におけるマイナンバーカード利活用推進事業補助金,,東京都,141000,2025-07-25T00:00:00.000Z,2027-03-31T14:59:00.000Z,従業員数の制約なし,事業 / 補助 / 助成 / デジタル / DX
a0WJ200000CDXoBMAX,令和８年_設備投資_事業完了後申請,,茨城県 / 栃木県 / 群馬県 / 埼玉県 / 千葉県 / 東京都 / 神奈川県 / 山梨県,200000000,2026-04-01T00:00:00.000Z,2027-03-31T14:59:00.000Z,従業員数の制約なし,事業 / 支援 / 助成 / 設備
a0WJ200000CDa6IMAT,令和８年度介護休業取得応援奨励金,,東京都,550000,2026-07-01T01:00:00.000Z,2027-03-31T14:59:00.000Z,300名以下,支援 / 導入 / 促進 / 環境
a0WJ200000CDacWMAT,令和８年度原子力発電施設等の周辺地域における大規模開発地区への企業立地促進事業費補助金,,青森県,55000000,2026-06-09T23:30:00.000Z,2027-03-31T14:59:00.000Z,従業員数の制約なし,事業 / 補助 / 開発 / 促進 / 地域
a0WJ200000CDYW4MAP,岡崎ものづくり支援補助金（見本市等出展事業）,,愛知県,300000,2026-03-31T15:00:00.000Z,2027-03-31T14:59:00.000Z,従業員数の制約なし,事業 / 支援 / 補助 / 販路
a0WJ200000CDYVzMAP,岡崎市中小企業事業資金保証料補助金,,愛知県,0,2026-03-31T15:00:00.000Z,2027-03-31T14:59:00.000Z,300名以下,事業 / 補助
a0WJ200000CDYW9MAP,岡崎市企業再投資促進奨励金（県連携）,,愛知県,1000000000,2026-03-31T15:00:00.000Z,2027-03-31T14:59:00.000Z,従業員数の制約なし,開発 / 促進 / 設備 / 研究 / 環境
a0WJ200000CDYW0MAP,岡崎市創業資金保証料補助金,岡崎市創業資金保証料補助金,愛知県,200000,2026-03-31T15:00:00.000Z,2027-03-31T14:59:00.000Z,300名以下,補助 / 環境
a0WJ200000CDYW1MAP,岡崎市創業資金利子補給補助金,,愛知県,200000,2026-03-31T15:00:00.000Z,2027-03-31T14:59:00.000Z,300名以下,支援 / 補助
a0WJ200000CDYW8MAP,岡崎市工場等（倉庫等）建設奨励金,,愛知県,1000000000,2026-03-31T15:00:00.000Z,2027-03-31T14:59:00.000Z,従業員数の制約なし,事業 / 開発 / 促進 / 設備 / 研究
a0WJ200000CDYWAMA5,岡崎市消費者向け製品製造工場等建設奨励金,,愛知県,2500000000,2026-03-31T15:00:00.000Z,2027-03-31T14:59:00.000Z,従業員数の制約なし,支援 / 設備
a0WJ200000CDYWBMA5,岡崎市高度先端産業立地奨励金（県連携）,,愛知県,1000000000,2026-03-31T15:00:00.000Z,2027-03-31T14:59:00.000Z,従業員数の制約なし,開発 / 促進 / 設備 / 研究 / 地域 / 環境
a0WJ200000CDYSUMA5,廃止石油坑井封鎖事業費補助金（令和8年度：関東東北産業保安監督部東北支部）,,全国,133280000,2026-04-30T15:00:00.000Z,2027-03-31T14:59:00.000Z,従業員数の制約なし,事業 / 補助 / 促進
a0WJ200000CDYSKMA5,廃止石油坑井封鎖事業費補助金（令和8年度：関東東北産業保安監督部）,,全国,133280000,2026-04-30T15:00:00.000Z,2027-03-31T14:59:00.000Z,従業員数の制約なし,事業 / 補助 / 促進
a0WJ200000CDOsKMAX,携帯電話等エリア整備事業,無線システム普及支援事業費等事業（携帯電話等エリア整備事業）,全国 / 北海道 / 青森県 / 岩手県 / 宮城県 / 秋田県 / 山形県 / 福島県 / 茨城県 / 栃木県 / 群馬県 / 埼玉県 / 千葉県 / 東京都 / 神奈川県 / 新潟県 / 山梨県 / 長野県 / 富山県 / 石川県 / 福井県 / 岐阜県 / 静岡県 / 愛知県 / 三重県 / 滋賀県 / 京都府 / 大阪府 / 兵庫県 / 奈良県 / 和歌山県 / 鳥取県 / 島根県 / 岡山県 / 広島県 / 山口県 / 徳島県 / 香川県 / 愛媛県 / 高知県 / 福岡県 / 佐賀県 / 長崎県 / 熊本県 / 大分県 / 宮崎県 / 鹿児島県 / 沖縄県,0,2025-03-31T23:00:00.000Z,2027-03-31T14:59:00.000Z,従業員数の制約なし,事業 / 支援 / 設備 / 地域
a0WJ200000CDK7KMAX,東京都環境保全資金融資あっせん,,東京都,0,2026-03-31T15:00:00.000Z,2027-03-31T14:59:00.000Z,従業員数の制約なし,支援 / 環境
a0W2x000003QZLqEAO,電波遮へい対策事業（トンネル）,電波遮へい対策事業（トンネル）,全国 / 北海道 / 青森県 / 岩手県 / 宮城県 / 秋田県 / 山形県 / 福島県 / 茨城県 / 栃木県 / 群馬県 / 埼玉県 / 千葉県 / 東京都 / 神奈川県 / 新潟県 / 山梨県 / 長野県 / 富山県 / 石川県 / 福井県 / 岐阜県 / 静岡県 / 愛知県 / 三重県 / 滋賀県 / 京都府 / 大阪府 / 兵庫県 / 奈良県 / 和歌山県 / 鳥取県 / 島根県 / 岡山県 / 広島県 / 山口県 / 徳島県 / 香川県 / 愛媛県 / 高知県 / 福岡県 / 佐賀県 / 長崎県 / 熊本県 / 大分県 / 宮崎県 / 鹿児島県 / 沖縄県 / 中国地方 / 九州・沖縄地方 / 北海道地方 / 四国地方 / 東北地方 / 東海・北陸地方 / 近畿地方 / 関東・甲信越地方,0,2020-03-31T23:00:00.000Z,2027-03-31T14:59:00.000Z,従業員数の制約なし,事業 / 設備
a0WJ200000CDYk5MAH,令和8年度「年収の壁突破」総合対策促進奨励金,,東京都,500000,2026-05-18T05:00:00.000Z,2027-04-30T03:00:00.000Z,従業員数の制約なし,促進 / 環境
a0WJ200000CDdL9MAL,令和８年度 医学技術振興事業,,東京都,0,2026-07-10T03:00:00.000Z,2027-05-31T10:00:00.000Z,従業員数の制約なし,事業 / 補助 / 人材 / 地域
a0W2x000005iqyXEAQ,EMPの普及促進に係る補助金（新）,EMPの普及促進に係る補助金,東京都,51900000,2026-03-31T15:00:00.000Z,2027-05-31T14:59:00.000Z,従業員数の制約なし,補助 / 促進
a0WJ200000CDbosMAD,【令和8年度】地域医療確保に係る緊急・臨時支援事業支援金,,東京都,14541000000,2026-07-05T23:00:00.000Z,2027-05-31T15:00:00.000Z,従業員数の制約なし,事業 / 支援 / 研究 / 地域
a0WJ200000CDaTOMA1,【令和8年度】地域医療確保に係る緊急・臨時支援事業支援金及び急性期医療臨時支援事業支援金,,東京都,15589000000,2026-07-05T15:00:00.000Z,2027-05-31T15:00:00.000Z,従業員数の制約なし,事業 / 支援 / 研究 / 地域
a0WJ200000CDYimMAH,【経済産業省】ものづくり・商業・サービス生産性向上促進補助金（22次締切）,,全国,0,2026-04-30T08:00:00.000Z,2027-06-30T08:00:00.000Z,従業員数の制約なし,補助 / 導入 / 開発 / 促進 / 設備
a0WJ2000000pSPQMA2,令和6年度　ES（社員満足度）向上による若手人材確保・定着事業助成金～１年目申請用～,ES（社員満足度）向上による若手人材確保・定着事業助成金,東京都,3000000,2024-06-09T15:00:00.000Z,2028-01-01T07:45:00.000Z,300名以下,事業 / 助成 / 導入 / 促進 / 人材 / 環境
a0WJ200000CDdtMMAT,【経済産業省】ものづくり・商業・サービス生産性向上促進補助金（23次締切）,,全国,0,2026-04-03T08:00:00.000Z,2028-03-31T08:00:00.000Z,従業員数の制約なし,事業 / 支援 / 補助 / 導入 / 開発 / 促進 / 設備
a0WJ200000CDe6AMAT,【三重】令和８年度中小企業最低賃金引上げ支援対策費補助金（業務改善助成金）,,三重県,6000000,2026-08-31T15:00:00.000Z,2028-03-31T14:59:00.000Z,従業員数の制約なし,事業 / 支援 / 助成 / 設備 / 地域 / 環境
a0WJ200000CDe6CMAT,【京都】令和８年度中小企業最低賃金引上げ支援対策費補助金（業務改善助成金）,,京都府,6000000,2026-08-31T15:00:00.000Z,2028-03-31T14:59:00.000Z,従業員数の制約なし,事業 / 支援 / 助成 / 設備 / 地域 / 環境
a0WJ200000CDeYjMAL,【令和8年度】高齢者受入体制確保事業,,東京都,0,2026-03-26T15:00:00.000Z,2028-03-31T14:59:00.000Z,従業員数の制約なし,事業 / 地域
a0WJ200000CDe6WMAT,【佐賀】令和８年度中小企業最低賃金引上げ支援対策費補助金（業務改善助成金）,,佐賀県,6000000,2026-08-31T15:00:00.000Z,2028-03-31T14:59:00.000Z,従業員数の制約なし,事業 / 支援 / 助成 / 設備 / 地域 / 環境
a0WJ200000CDe6EMAT,【兵庫】令和８年度中小企業最低賃金引上げ支援対策費補助金（業務改善助成金）,,兵庫県,6000000,2026-08-31T15:00:00.000Z,2028-03-31T14:59:00.000Z,従業員数の制約なし,事業 / 支援 / 助成 / 設備 / 地域 / 環境
a0WJ200000CDducMAD,【北海道】令和８年度中小企業最低賃金引上げ支援対策費補助金（業務改善助成金）,,北海道,6000000,2026-08-31T15:00:00.000Z,2028-03-31T14:59:00.000Z,従業員数の制約なし,事業 / 支援 / 助成 / 設備 / 地域 / 環境
a0WJ200000CDdunMAD,【千葉】令和８年度中小企業最低賃金引上げ支援対策費補助金（業務改善助成金）,,千葉県,6000000,2026-08-31T15:00:00.000Z,2028-03-31T14:59:00.000Z,従業員数の制約なし,事業 / 支援 / 助成 / 設備 / 地域 / 環境
a0WJ200000CDe6GMAT,【和歌山】令和８年度中小企業最低賃金引上げ支援対策費補助金（業務改善助成金）,,和歌山県,6000000,2026-08-31T15:00:00.000Z,2028-03-31T14:59:00.000Z,従業員数の制約なし,事業 / 支援 / 助成 / 設備 / 地域 / 環境
a0WJ200000CDdumMAD,【埼玉】令和８年度中小企業最低賃金引上げ支援対策費補助金（業務改善助成金）,,埼玉県,6000000,2026-08-31T15:00:00.000Z,2028-03-31T14:59:00.000Z,従業員数の制約なし,事業 / 支援 / 助成 / 設備 / 地域 / 環境
a0WJ200000CDe6ZMAT,【大分】令和８年度中小企業最低賃金引上げ支援対策費補助金（業務改善助成金）,,大分県,6000000,2026-08-31T15:00:00.000Z,2028-03-31T14:59:00.000Z,従業員数の制約なし,事業 / 支援 / 助成 / 設備 / 地域 / 環境
a0WJ200000CDe6DMAT,【大阪】令和８年度中小企業最低賃金引上げ支援対策費補助金（業務改善助成金）,,大阪府,6000000,2026-08-31T15:00:00.000Z,2028-03-31T14:59:00.000Z,従業員数の制約なし,事業 / 支援 / 助成 / 設備 / 地域 / 環境
a0WJ200000CDe6FMAT,【奈良】令和８年度中小企業最低賃金引上げ支援対策費補助金（業務改善助成金）,,奈良県,6000000,2026-08-31T15:00:00.000Z,2028-03-31T14:59:00.000Z,従業員数の制約なし,事業 / 支援 / 助成 / 設備 / 地域 / 環境
a0WJ200000CDdufMAD,【宮城】令和８年度中小企業最低賃金引上げ支援対策費補助金（業務改善助成金）,,宮城県,6000000,2026-08-31T15:00:00.000Z,2028-03-31T14:59:00.000Z,従業員数の制約なし,事業 / 支援 / 助成 / 設備 / 地域 / 環境
a0WJ200000CDe6aMAD,【宮崎】令和８年度中小企業最低賃金引上げ支援対策費補助金（業務改善助成金）,,宮崎県,6000000,2026-08-31T15:00:00.000Z,2028-03-31T14:59:00.000Z,従業員数の制約なし,事業 / 支援 / 助成 / 設備 / 地域 / 環境
a0WJ200000CDdurMAD,【富山】令和８年度中小企業最低賃金引上げ支援対策費補助金（業務改善助成金）,,富山県,6000000,2026-08-31T15:00:00.000Z,2028-03-31T14:59:00.000Z,従業員数の制約なし,事業 / 支援 / 助成 / 設備 / 地域 / 環境
a0WJ200000CDe6QMAT,【山口】令和８年度中小企業最低賃金引上げ支援対策費補助金（業務改善助成金）,,山口県,6000000,2026-08-31T15:00:00.000Z,2028-03-31T14:59:00.000Z,従業員数の制約なし,事業 / 支援 / 助成 / 設備 / 地域 / 環境
a0WJ200000CDduhMAD,【山形】令和８年度中小企業最低賃金引上げ支援対策費補助金（業務改善助成金）,,山形県,6000000,2026-08-31T15:00:00.000Z,2028-03-31T14:59:00.000Z,従業員数の制約なし,事業 / 支援 / 助成 / 設備 / 地域 / 環境
a0WJ200000CDe65MAD,【山梨】令和８年度中小企業最低賃金引上げ支援対策費補助金（業務改善助成金）,,山梨県,6000000,2026-08-31T15:00:00.000Z,2028-03-31T14:59:00.000Z,従業員数の制約なし,事業 / 支援 / 助成 / 設備 / 地域 / 環境
a0WJ200000CDe67MAD,【岐阜】令和８年度中小企業最低賃金引上げ支援対策費補助金（業務改善助成金）,,岐阜県,6000000,2026-08-31T15:00:00.000Z,2028-03-31T14:59:00.000Z,従業員数の制約なし,事業 / 支援 / 助成 / 設備 / 地域 / 環境
a0WJ200000CDe6OMAT,【岡山】令和８年度中小企業最低賃金引上げ支援対策費補助金（業務改善助成金）,,岡山県,6000000,2026-08-31T15:00:00.000Z,2028-03-31T14:59:00.000Z,従業員数の制約なし,事業 / 支援 / 助成 / 設備 / 地域 / 環境
a0WJ200000CDdueMAD,【岩手】令和８年度中小企業最低賃金引上げ支援対策費補助金（業務改善助成金）,,岩手県,6000000,2026-08-31T15:00:00.000Z,2028-03-31T14:59:00.000Z,従業員数の制約なし,事業 / 支援 / 助成 / 設備 / 地域 / 環境
a0WJ200000CDe6IMAT,【島根】令和８年度中小企業最低賃金引上げ支援対策費補助金（業務改善助成金）,,島根県,6000000,2026-08-31T15:00:00.000Z,2028-03-31T14:59:00.000Z,従業員数の制約なし,事業 / 支援 / 助成 / 設備 / 地域 / 環境
a0WJ200000CDe6PMAT,【広島】令和８年度中小企業最低賃金引上げ支援対策費補助金（業務改善助成金）,,広島県,6000000,2026-08-31T15:00:00.000Z,2028-03-31T14:59:00.000Z,従業員数の制約なし,事業 / 支援 / 助成 / 設備 / 地域 / 環境
a0WJ200000CDe6RMAT,【徳島】令和８年度中小企業最低賃金引上げ支援対策費補助金（業務改善助成金）,,徳島県,6000000,2026-08-31T15:00:00.000Z,2028-03-31T14:59:00.000Z,従業員数の制約なし,事業 / 支援 / 助成 / 設備 / 地域 / 環境
a0WJ200000CDe6TMAT,【愛媛】令和８年度中小企業最低賃金引上げ支援対策費補助金（業務改善助成金）,,愛媛県,6000000,2026-08-31T15:00:00.000Z,2028-03-31T14:59:00.000Z,従業員数の制約なし,事業 / 支援 / 助成 / 設備 / 地域 / 環境
a0WJ200000CDe69MAD,【愛知】令和８年度中小企業最低賃金引上げ支援対策費補助金（業務改善助成金）,,愛知県,6000000,2026-08-31T15:00:00.000Z,2028-03-31T14:59:00.000Z,従業員数の制約なし,事業 / 支援 / 助成 / 設備 / 地域 / 環境
a0WJ200000CDduqMAD,【新潟】令和８年度中小企業最低賃金引上げ支援対策費補助金（業務改善助成金）,,新潟県,6000000,2026-08-31T15:00:00.000Z,2028-03-31T14:59:00.000Z,従業員数の制約なし,事業 / 支援 / 助成 / 設備 / 地域 / 環境
a0WJ200000CDduoMAD,【東京】令和８年度中小企業最低賃金引上げ支援対策費補助金（業務改善助成金）,,東京都,6000000,2026-08-31T15:00:00.000Z,2028-03-31T14:59:00.000Z,従業員数の制約なし,事業 / 支援 / 助成 / 設備 / 地域 / 環境
a0WJ200000CDdukMAD,【栃木】令和８年度中小企業最低賃金引上げ支援対策費補助金（業務改善助成金）,,栃木県,6000000,2026-08-31T15:00:00.000Z,2028-03-31T14:59:00.000Z,従業員数の制約なし,事業 / 支援 / 助成 / 設備 / 地域 / 環境
a0WJ200000CDe6cMAD,【沖縄】令和８年度中小企業最低賃金引上げ支援対策費補助金（業務改善助成金）,,沖縄県,6000000,2026-08-31T15:00:00.000Z,2028-03-31T14:59:00.000Z,従業員数の制約なし,事業 / 支援 / 助成 / 設備 / 地域 / 環境
a0WJ200000CDe6BMAT,【滋賀】令和８年度中小企業最低賃金引上げ支援対策費補助金（業務改善助成金）,,滋賀県,6000000,2026-08-31T15:00:00.000Z,2028-03-31T14:59:00.000Z,従業員数の制約なし,事業 / 支援 / 助成 / 設備 / 地域 / 環境
a0WJ200000CDe6YMAT,【熊本】令和８年度中小企業最低賃金引上げ支援対策費補助金（業務改善助成金）,,熊本県,6000000,2026-08-31T15:00:00.000Z,2028-03-31T14:59:00.000Z,従業員数の制約なし,事業 / 支援 / 助成 / 設備 / 地域 / 環境
a0WJ200000CDdusMAD,【石川】令和８年度中小企業最低賃金引上げ支援対策費補助金（業務改善助成金）,,石川県,6000000,2026-08-31T15:00:00.000Z,2028-03-31T14:59:00.000Z,従業員数の制約なし,事業 / 支援 / 助成 / 設備 / 地域 / 環境
a0WJ200000CDdupMAD,【神奈川】令和８年度中小企業最低賃金引上げ支援対策費補助金（業務改善助成金）,,神奈川県,6000000,2026-08-31T15:00:00.000Z,2028-03-31T14:59:00.000Z,従業員数の制約なし,事業 / 支援 / 助成 / 設備 / 地域 / 環境
a0WJ200000CDe64MAD,【福井】令和８年度中小企業最低賃金引上げ支援対策費補助金（業務改善助成金）,,福井県,6000000,2026-08-31T15:00:00.000Z,2028-03-31T14:59:00.000Z,従業員数の制約なし,事業 / 支援 / 助成 / 設備 / 地域 / 環境
a0WJ200000CDe6VMAT,【福岡】令和８年度中小企業最低賃金引上げ支援対策費補助金（業務改善助成金）,,福岡県,6000000,2026-08-31T15:00:00.000Z,2028-03-31T14:59:00.000Z,従業員数の制約なし,事業 / 支援 / 助成 / 設備 / 地域 / 環境
a0WJ200000CDduiMAD,【福島】令和８年度中小企業最低賃金引上げ支援対策費補助金（業務改善助成金）,,福島県,6000000,2026-08-31T15:00:00.000Z,2028-03-31T14:59:00.000Z,従業員数の制約なし,事業 / 支援 / 助成 / 設備 / 地域 / 環境
a0WJ200000CDdugMAD,【秋田】令和８年度中小企業最低賃金引上げ支援対策費補助金（業務改善助成金）,,秋田県,6000000,2026-08-31T15:00:00.000Z,2028-03-31T14:59:00.000Z,従業員数の制約なし,事業 / 支援 / 助成 / 設備 / 地域 / 環境
a0WJ200000CDdulMAD,【群馬】令和８年度中小企業最低賃金引上げ支援対策費補助金（業務改善助成金）,,群馬県,6000000,2026-08-31T15:00:00.000Z,2028-03-31T14:59:00.000Z,従業員数の制約なし,事業 / 支援 / 助成 / 設備 / 地域 / 環境
a0WJ200000CDdujMAD,【茨城】令和８年度中小企業最低賃金引上げ支援対策費補助金（業務改善助成金）,,茨城県,6000000,2026-08-31T15:00:00.000Z,2028-03-31T14:59:00.000Z,従業員数の制約なし,事業 / 支援 / 助成 / 設備 / 地域 / 環境
a0WJ200000CDe6XMAT,【長崎】令和８年度中小企業最低賃金引上げ支援対策費補助金（業務改善助成金）,,長崎県,6000000,2026-08-31T15:00:00.000Z,2028-03-31T14:59:00.000Z,従業員数の制約なし,事業 / 支援 / 助成 / 設備 / 地域 / 環境
a0WJ200000CDe66MAD,【長野】令和８年度中小企業最低賃金引上げ支援対策費補助金（業務改善助成金）,,長野県,6000000,2026-08-31T15:00:00.000Z,2028-03-31T14:59:00.000Z,従業員数の制約なし,事業 / 支援 / 助成 / 設備 / 地域 / 環境
a0WJ200000CDdudMAD,【青森】令和８年度中小企業最低賃金引上げ支援対策費補助金（業務改善助成金）,,青森県,6000000,2026-08-31T15:00:00.000Z,2028-03-31T14:59:00.000Z,従業員数の制約なし,事業 / 支援 / 助成 / 設備 / 地域 / 環境
a0WJ200000CDe68MAD,【静岡】令和８年度中小企業最低賃金引上げ支援対策費補助金（業務改善助成金）,,静岡県,6000000,2026-08-31T15:00:00.000Z,2028-03-31T14:59:00.000Z,従業員数の制約なし,事業 / 支援 / 助成 / 設備 / 地域 / 環境
a0WJ200000CDe6SMAT,【香川】令和８年度中小企業最低賃金引上げ支援対策費補助金（業務改善助成金）,,香川県,6000000,2026-08-31T15:00:00.000Z,2028-03-31T14:59:00.000Z,従業員数の制約なし,事業 / 支援 / 助成 / 設備 / 地域 / 環境
a0WJ200000CDe6UMAT,【高知】令和８年度中小企業最低賃金引上げ支援対策費補助金（業務改善助成金）,,高知県,6000000,2026-08-31T15:00:00.000Z,2028-03-31T14:59:00.000Z,従業員数の制約なし,事業 / 支援 / 助成 / 設備 / 地域 / 環境
a0WJ200000CDe6HMAT,【鳥取】令和８年度中小企業最低賃金引上げ支援対策費補助金（業務改善助成金）,,鳥取県,6000000,2026-08-31T15:00:00.000Z,2028-03-31T14:59:00.000Z,従業員数の制約なし,事業 / 支援 / 助成 / 設備 / 地域 / 環境
a0WJ200000CDe6bMAD,【鹿児島】令和８年度中小企業最低賃金引上げ支援対策費補助金（業務改善助成金）,,鹿児島県,6000000,2026-08-31T15:00:00.000Z,2028-03-31T14:59:00.000Z,従業員数の制約なし,事業 / 支援 / 助成 / 設備 / 地域 / 環境
a0WJ200000CDOrTMAX,東京都中小企業障害者雇用スタート支援奨励金,東京都中小企業障害者雇用スタート支援奨励事業,東京都,1200000,2025-05-31T15:00:00.000Z,2028-03-31T14:59:00.000Z,従業員数の制約なし,事業 / 支援 / 促進
a0W5h00000UaiqSEAR,事業再構築補助金（共同申請_リース会社）,事業再構築補助金,全国,150000000,2022-09-01T09:00:00.000Z,2028-05-07T14:59:00.000Z,従業員数の制約なし,事業 / 補助 / 環境
a0WJ20000088TQ4MAM,令和6年度【2年目申請用】ES（社員満足度）向上による若手人材確保・定着事業助成金,ES（社員満足度）向上による若手人材確保・定着事業助成金,東京都,3000000,2024-09-12T15:00:00.000Z,2028-09-01T14:59:00.000Z,300名以下,事業 / 助成 / 促進 / 人材 / 環境
a0WJ2000008Av8bMAC,デジタル技術活用推進助成金に係る状況報告等について,,東京都,0,2022-11-12T15:00:00.000Z,2029-02-14T15:00:00.000Z,従業員数の制約なし,助成 / デジタル
a0WJ200000CDNhQMAX,100億宣言,,全国,0,2025-05-08T07:00:00.000Z,2029-03-31T14:59:00.000Z,従業員数の制約なし,地域
a0WJ200000CDY24MAH,【長野県茅野市】消費喚起イベント事業補助金,,長野県,400000,2026-03-31T15:00:00.000Z,2029-03-31T14:59:00.000Z,100名以下,事業 / 補助
a0WJ200000CDUvzMAH,令和7年度【2年目申請用】ES（社員満足度）向上による若手人材確保・定着事業助成金,,東京都,3000000,2025-09-10T15:00:00.000Z,2029-03-31T14:59:00.000Z,300名以下,事業 / 助成 / 促進 / 人材 / 環境
a0WJ200000CDVxKMAX,令和7年度【3年目申請用】ES（社員満足度）向上による若手人材確保・定着事業助成金,,東京都,3000000,2025-11-19T15:00:00.000Z,2029-03-31T14:59:00.000Z,300名以下,事業 / 支援 / 助成 / 促進 / 人材 / 環境
a0WJ200000CDYkBMAX,令和8年度【2年目申請用】ES（社員満足度）向上による若手人材確保・定着事業助成金,,東京都,3000000,2026-05-12T05:00:00.000Z,2029-03-31T14:59:00.000Z,300名以下,事業 / 支援 / 助成 / 促進 / 人材 / 環境
a0WJ200000CDYk9MAH,令和8年度【3年目申請用】ES（社員満足度）向上による若手人材確保・定着事業助成金,,東京都,3000000,2026-05-12T05:00:00.000Z,2029-03-31T14:59:00.000Z,300名以下,事業 / 支援 / 助成 / 促進 / 人材 / 環境
a0W5h00000UbQnXEAV,東京都中小企業障害者雇用支援助成金,東京都中小企業障害者雇用支援助成金,東京都,1980000,2023-01-20T00:00:00.000Z,2029-03-31T14:59:00.000Z,300名以下,支援 / 助成 / 開発
a0WJ200000CDYCsMAP,東広島市小児科新規開業支援事業補助金,,広島県,10000000,2025-03-31T15:00:00.000Z,2029-03-31T14:59:00.000Z,従業員数の制約なし,事業 / 支援 / 補助 / 設備 / 環境
a0WJ200000CDRafMAH,危機管理対策促進事業_事業完了後の各種申請,,茨城県 / 栃木県 / 群馬県 / 埼玉県 / 千葉県 / 東京都 / 神奈川県 / 山梨県,15000000,2024-05-13T00:00:00.000Z,2029-12-31T14:59:00.000Z,従業員数の制約なし,事業 / 助成 / 促進 / 設備
a0WJ200000CDJWIMA5,申請練習用補助金【補助金の支払いはありません】,,全国,10000000,2025-03-07T10:00:00.000Z,2030-03-31T11:00:00.000Z,従業員数の制約なし,補助 / 環境
a0WJ200000CDXK4MAP,いわき市診療所開設・承継支援補助金,,全国,30000000,2025-03-31T15:00:00.000Z,2030-03-31T14:45:00.000Z,従業員数の制約なし,支援 / 補助 / 地域
a0W5h00000UbQnSEAV,東京都難病・がん患者就業支援奨励金,東京都難病・がん患者就業支援奨励金,東京都,900000,2025-04-01T00:00:00.000Z,2030-03-31T14:45:00.000Z,従業員数の制約なし,支援 / 助成
a0WJ2000000pejTMAQ,令和７年度救急搬送患者受入体制強化事業,救急搬送患者受入体制強化事業,東京都,0,2023-11-15T15:00:00.000Z,2030-05-30T15:00:00.000Z,従業員数の制約なし,事業
a0WJ200000CDNiaMAH,令和7年度　ES（社員満足度）向上による若手人材確保・定着事業助成金　１年目申請用,ES（社員満足度）向上による若手人材確保・定着事業助成金,東京都,3000000,2025-05-11T15:00:00.000Z,2030-11-14T15:00:00.000Z,300名以下,事業 / 支援 / 助成 / 促進 / 人材 / 環境
a0WJ200000CDYkAMAX,令和8年度【1年目申請用】ES（社員満足度）向上による若手人材確保・定着事業助成金,,東京都,3000000,2026-05-12T05:00:00.000Z,2030-11-14T15:00:00.000Z,300名以下,事業 / 支援 / 助成 / 促進 / 人材 / 環境
a0W5h00000GMgXBEA1,［第十回］事業再構築補助金（交付申請等）,事業再構築補助金,全国,500000000,2023-09-22T09:00:00.000Z,2031-01-21T14:59:00.000Z,従業員数の制約なし,事業 / 補助 / 地域 / 環境
a0W5h00000UbU66EAF,［第十一回］事業再構築補助金（交付申請等）,事業再構築補助金,全国,150000000,2024-02-13T09:00:00.000Z,2031-06-12T14:59:00.000Z,従業員数の制約なし,事業 / 補助 / 地域 / 環境
a0WJ2000000qhOQMAY,［第十二回］事業再構築補助金（交付申請等）,事業再構築補助金,全国,500000000,2024-11-08T09:00:00.000Z,2032-03-07T14:59:00.000Z,従業員数の制約なし,事業 / 補助 / 促進 / 地域 / 環境
a0WJ200000CDQEJMA5,［第十三回］事業再構築補助金_促進上乗せ措置（交付申請等）,,全国,150000000,2025-06-30T09:00:00.000Z,2032-10-29T14:59:00.000Z,従業員数の制約なし,事業 / 支援 / 補助 / 促進 / 地域 / 環境
a0WJ200000CDeTtMAL,令和８年度東京都救命救急センター施設整備等補助事業（運営費）,,東京都,0,2026-08-31T15:00:00.000Z,2042-05-06T15:00:00.000Z,従業員数の制約なし,事業 / 補助
a0W2x000007CrSAEA0,東京都環境保全資金融資保証債務履行補助金,東京都環境保全資金融資保証債務履行補助金,東京都,2798000,2023-04-01T00:00:00.000Z,2124-03-31T08:30:00.000Z,従業員数の制約なし,補助 / 環境
