seq,締切,タイトル,地域,上限,業種,従業員,応募資格,対象事業
1,2026-09-14 15:00,令和８年度 脱炭素成長型経済構造移行推進対策費補助金（自律型資源 循環システム強靱化促進事業）（事前着手届出）【一次公募】,全国,0,漁業 / 建設業 / 製造業 / 電気・ガス・熱供給・水道業 / 情報通信業 / 複合サービス事業 / サービス業（他に分類されないもの） / 公務（他に分類されるものを除く） / 分類不能の産業 / 農業、林業 / 鉱業、採石業、砂利採取業 / 運輸業、郵便業 / 卸売業、小売業 / 金融業、保険業 / 不動産業、物品賃貸業 / 学術研究、専門・技術サービス業 / 宿泊業、飲食サービス業 / 生活関連サービス業、娯楽業 / 教育、学習支援業 / 医療、福祉,従業員数の制約なし,■概要 本来は、補助金交付決定通知後でないと、補助対象となる経費の発注（発注先への内示も発注行為とみなします）、支出等はできません。審査の結果、採択が決定されると、事務局から採択者に対し、「交付決定通知書」が発出されます。補助金の対象となる経費の発注・契約・支出行為は、交付決定通知後から可能となるのが原則です。ただし、本事業の必要性・緊急性に鑑み、以下の「受付期間」、「届出方法・提出先」に基づき事前着手届出を行い、「事前着手の受理の通知等」の通り事前着手受理通知を受けた場合、通知に記載の「事前着手開始日として認める日」（※）以降に発生した経費等についても補助対象経費として認める場合があります。なお、この場合でも補助金のルールに従った発注等の手続き（入札・３者見積など）が行われていないと補助対象経費となりませんのでご注意ください。詳しくは、公募要領「６． 間接補助事業の申請、実施における注意事項 」（Ｐ.１８）を確認してください。 ※事前着手開始日として届け出た日付となります。届出日より前に実施した発注・契約・支出等に係る経費は補助対象となりませんので、ご注意ください。 ■受付期間 令和８年７月２８日（火）～ 令和８年９月１４日（月）１５時まで ※上記期間にjGrantsで届出を実施・完了してください。 ■届出方法・提出先 届出される方は、上記期間に補助金申請システム「jGrants」の事前着手届出画面上から必要項目を直接入力し、届出してください。 （注１）受付期間以降の届出は受け付けられません。 ■事前着手の受理の通知等 事前着手は、事務局が当該届出の内容から交付決定前に着手する緊急性・必要性があると判断した場合、受理を行います。事前着手の受理後、事務局から結果を速やかに通知します。 事前着手が受理された場合でも、本補助金の交付を受けるための採択審査の結果、採択されなかった場合は、本補助金の交付を受けることはできませんので、ご注意ください。また、事前着手受理通知に記載の「,■概要 本来は、補助金交付決定通知後でないと、補助対象となる経費の発注（発注先への内示も発注行為とみなします）、支出等はできません。審査の結果、採択が決定されると、事務局から採択者に対し、「交付決定通知書」が発出されます。補助金の対象となる経費の発注・契約・支出行為は、交付決定通知後から可能となるのが原則です。ただし、本事業の必要性・緊急性に鑑み、以下の「受付期間」、「届出方法・提出先」に基づき事前着手届出を行い、「事前着手の受理の通知等」の通り事前着手受理通知を受けた場合、通知に記載の「事前着手開始日として認める日」（※）以降に発生した経費等についても補助対象経費として認める場合があります。なお、この場合でも補助金のルールに従った発注等の手続き（入札・３者見積など）が行われていないと補助対象経費となりませんのでご注意ください。詳しくは、公募要領「６． 間接補助事業の申請、実施における注意事項 」（Ｐ.１８）を確認してください。 ※事前着手開始日として届け出た日付となります。届出日より前に実施した発注・契約・支出等に係る経費は補助対象となりませんので、ご注意ください。 ■受付期間 令和８年７月２８日（火）～ 令和８年９月１４日（月）１５時まで ※上記期間にjGrantsで届出を実施・完了してください。 ■届出方法・提出先 届出される方は、上記期間に補助金申請システム「jGrants」の事前着手届出画面上から必要項目を直接入力し、届出してください。 （注１）受付期間以降の届出は受け
2,2026-09-14 15:00,令和８年度 脱炭素成長型経済構造移行推進対策費補助金（自律型資源循環システム強靱化促進事業）,全国,20000000000,漁業 / 建設業 / 製造業 / 電気・ガス・熱供給・水道業 / 情報通信業 / 複合サービス事業 / サービス業（他に分類されないもの） / 公務（他に分類されるものを除く） / 分類不能の産業 / 農業、林業 / 鉱業、採石業、砂利採取業 / 運輸業、郵便業 / 卸売業、小売業 / 金融業、保険業 / 不動産業、物品賃貸業 / 学術研究、専門・技術サービス業 / 宿泊業、飲食サービス業 / 生活関連サービス業、娯楽業 / 教育、学習支援業 / 医療、福祉,従業員数の制約なし,応募資格 以下の項目をすべて満たす事業者を補助対象とします。 ① 日本法人（登記法人）である民間会社※１又は民間会社を主申請者とする共同体若しくは任意団体等であること。（地方公共団体※２が、主申請者になることはできません。） ② サーキュラーパートナーズ（サーキュラーエコノミーに関する産官学のパートナーシップ）の会員であること。 ③ 経済産業省が定める補助金等の交付停止事業者に該当していないこと。また、共同申請者、請負先、委託先についても同様に扱うこと。 ④ 事業を円滑に遂行するために必要な費用のうち、自己負担分の調達に関し、十分な経営基盤を有していること。 ⑤ 政府からのEBPM（エビデンスに基づく政策立案）に関する協力要請に応じること。 * 申請時・事業実施期間中・事業報告提出時等に提供いただいた情報（提供いただいた情報を加工して生じた派生的な情報も含みます）については、 （ア）審査、管理、確定、精算に利用します。 （イ）効果的な政策立案や、政策の効果検証のため、経済産業省、及びその業務委託先、独立行政法人、大学その他の研究機関・施設等機関（政策の効果検証（EBPM）目的のみの利活用や守秘義務等の遵守に係る誓約書を提出した機関・研究者）に提供・利活用される場合があります。 また、上記を前提として申請・利用・報告等を行うことにより、データ利活用及び効果検証への協力に同意したものとみなします。 ⑥ 委託契約等で民間会社に事業を実施させる場合、民間会社に対して確定検査等を行い確定検査等で確認した資料の写し等を事業完了後５年以上保管する体制が取れていること。 ⑦ 事業を運営・管理できる能力を有しており、事業を実施するための実施体制及び管理体制が整備されていること。 ⑧ GXフューチャー・リーグに入会し、排出量実績を報告すること。 現時点でGXフューチャー・リーグに入会していない場合、本事業への申請までにGXフューチャー・リーグ会員の入会申込みを行うと共に、入会申込みから4ヶ月,対象事業の範囲 本間接補助事業は、資源循環に係る技術開発及び実証に係る建設費、設計費、設備費、工事費等（以下「設備投資等」という。）に対して補助を行います。 ① 再生材等を原料として活用し、再生材利用製品を製造するための技術開発、実証及び商用化に係る設備投資等を支援する。 ② 長寿命化や再資源化の容易性の確保等に資する「環境配慮型ものづくり」のための技術開発、実証及び商用化に係る設備投資等を支援する。 ③ リユース、リファービッシュ等のＣＥコマース促進のための技術開発、実証及び商用化に係る設備投資等を支援する。 ■応募資格 以下の項目をすべて満たす事業者を補助対象とします。 ① 日本法人（登記法人）である民間会社※１又は民間会社を主申請者とする共同体若しくは任意団体等であること。（地方公共団体※２が、主申請者になることはできません。） ② サーキュラーパートナーズ（サーキュラーエコノミーに関する産官学のパートナーシップ）の会員であること。 ③ 経済産業省が定める補助金等の交付停止事業者に該当していないこと。また、共同申請者、請負先、委託先についても同様に扱うこと。 ④ 事業を円滑に遂行するために必要な費用のうち、自己負担分の調達に関し、十分な経営基盤を有していること。 ⑤ 政府からのEBPM（エビデンスに基づく政策立案）に関する協力要請に応じること。 * 申請時・事業実施期間中・事業報告提出時等に提供いただいた情報（提供いただいた情報を加工して生じた派生的な情報も含みます）につい
3,2026-09-15 16:00,【応募事業者】令和８年度 プラスチック等資源循環システム構築実証事業　＜三次公募＞,全国 / 北海道 / 青森県 / 岩手県 / 宮城県 / 秋田県 / 山形県 / 福島県 / 茨城県 / 栃木県 / 群馬県 / 埼玉県 / 千葉県 / 東京都 / 神奈川県 / 新潟県 / 山梨県 / 長野県 / 富山県 / 石川県 / 福井県 / 岐阜県 / 静岡県 / 愛知県 / 三重県 / 滋賀県 / 京都府 / 大阪府 / 兵庫県 / 奈良県 / 和歌山県 / 鳥取県 / 島根県 / 岡山県 / 広島県 / 山口県 / 徳島県 / 香川県 / 愛媛県 / 高知県 / 福岡県 / 佐賀県 / 長崎県 / 熊本県 / 大分県 / 宮崎県 / 鹿児島県 / 沖縄県,0,漁業 / 建設業 / 製造業 / 電気・ガス・熱供給・水道業 / 情報通信業 / 複合サービス事業 / サービス業（他に分類されないもの） / 公務（他に分類されるものを除く） / 分類不能の産業 / 農業、林業 / 鉱業、採石業、砂利採取業 / 運輸業、郵便業 / 卸売業、小売業 / 金融業、保険業 / 不動産業、物品賃貸業 / 学術研究、専門・技術サービス業 / 宿泊業、飲食サービス業 / 生活関連サービス業、娯楽業 / 教育、学習支援業 / 医療、福祉,従業員数の制約なし,■補助事業名 令和８年度 二酸化炭素排出抑制対策事業費等補助金 脱炭素型循環経済システム構築促進事業（うち、プラスチック等資源循環システム構築実証事業） ■目的 化石由来資源を代替する省 CO2 型バイオプラスチック等（再生可能資源）への転換及び社会実装化又はプラスチック等のリサイ クル困難素材等のリサイクルプロセス構築及び省CO2化を行う ことにより、プラスチック等の資源循環システムを社会実装し、エネルギー起源CO2排出を抑制することを目的としています。 ■参照URL https://www.jora.jp/activity/26datsutanso/ ※本事業の事業ページ（上記URL）に、本事業の詳細や、公募ページに提出書類・規程類・よくある質問等を掲載していますので、必ずご確認ください。 ■対象事業 ① 化石資源由来プラスチックを代替する省CO2型バイオプラスチック等（再生可能資源）への転換及び社会実装化実証事業（代替素材事業）［バイオマスプラスチック等］ ② プラスチック等のリサイクルプロセス構築及び省CO2化実証事業（リサイクル事業） ③ 廃棄物等バイオマスを用いた省CO2型ジェット燃料等又はジェット燃料等原料製造・社会実装化実証事業（代替ジェット燃料等事業）［SAF等］ ④ 廃油のリサイクルプロセス構築・省CO2化実証事業（廃油リサイクル事業） ※本事業は、社会実装に向けて技術的な課題がある事業の技術実証に対するものです。 ※対象事業の要件は、 本事業の事業ページ 、 公募要領 、 よくある質問 等で必ずご確認ください。 ■補助対象事業者 下記のいずれかに該当し、設立から１年以上経過していること。 ① 民間企業 ② 独立行政法人通則法(平成11年法律第103号)第２条第１項に規定する独立行政法人 ③ 一般社団法人・一般財団法人及び公益社団法人・公益財団法人 ④ 大学 ⑤ 国立、または、独立行政法人と認められる研究開発機関 ⑥ 地方公共団体の研究開発機関 ⑦ そ,補助対象事業者 下記のいずれかに該当し、設立から１年以上経過していること。 ① 民間企業 ② 独立行政法人通則法(平成11年法律第103号)第２条第１項に規定する独立行政法人 ③ 一般社団法人・一般財団法人及び公益社団法人・公益財団法人 ④ 大学 ⑤ 国立、または、独立行政法人と認められる研究開発機関 ⑥ 地方公共団体の研究開発機関 ⑦ その他環境大臣の承認を経て協会が認める者 ﻿※ 応募申請には、GビズID プライムアカウントが必要です。 ■補助率 実証に必要な経費の 1/3～1/2を上限に補助 します。 ■補助金上限額 採択額は補助金上限の内数になります。 ※ 一事業者あたりの補助金額上限はありません。 ■補助事業の期間 最大2年 以内。 ただし、交付決定（執行経費の精算）は年度毎に行います。 ■公募申請受付期間 2026年9月15日（火）16：00まで ■提出書類 公募要領に従い、必要な書類をjGrants公募申請フォームより提出してください。 なお、応募申請に対する相互における正確性を期すため、また、GビスID プライムアカウントの取得状況確認のため、原則として申請者は、本応募申請前の 2026年9月4日（火）13：00まで に「ア 事業応募申請事前連絡票（様式１）を下記問い合わせ先まで電子メールで提出してください。 ■公募説明会 公募説明会では補助事業の内容および申請方法等に関して説明いたします。 日時や申込方法などの詳細については公募要領やホームページ（上記参照URL
4,2026-09-18 17:00,【令和７年度】二酸化炭素排出抑制対策事業費等補助金（水インフラにおける脱炭素化推進事業）［四次公募］,全国,0,漁業 / 建設業 / 製造業 / 電気・ガス・熱供給・水道業 / 情報通信業 / 複合サービス事業 / サービス業（他に分類されないもの） / 公務（他に分類されるものを除く） / 分類不能の産業 / 農業、林業 / 鉱業、採石業、砂利採取業 / 運輸業、郵便業 / 卸売業、小売業 / 金融業、保険業 / 不動産業、物品賃貸業 / 学術研究、専門・技術サービス業 / 宿泊業、飲食サービス業 / 生活関連サービス業、娯楽業 / 教育、学習支援業 / 医療、福祉,従業員数の制約なし,※詳細につきましては以下よりご確認ください。 https://siz-kankyou.com/2025co2/mizuinfrastructure4/ ①水インフラのCO2削減設備導入支援事業 ②水インフラ由来再エネの地産地消モデル事業 ■目的・概要 ①水インフラである上下水道施設 、ダム施設において、 再生可能エネルギー設備の設置や省エネ設備の導入等の脱炭素化の取組を行う事業に要する経費 の一部に補助金を交付することにより、事業者等のCO2排出抑制を行うとともに、先行事例を示すことで、近隣事業者等へのCO2排出抑制対策の効果的な波及を促進し、脱炭素 型の水インフラシステムの実現に資することを目的とする。 ②自家消費する以上の水力発電等の再エネポテンシャルを有する水インフラ施設において、ポテンシャルの最大限の活用のため、民間事業者等が発電事業を行い、周辺地域等に一定量の電力を 供給し、電力の地産地消を行うモデル事業に要する経費の一部に補助金を交付することにより、 先行事例を示すことで、近隣事業者等へのCO2排出抑制対策の効果的な波及 を促進し、脱炭素型の水インフラシステムの実現に資することを目的とする。 ■補助率 ①太陽光発電設備、CO2削減率が15％以上30％未満の省CO2促進設備：３分の１以内 太陽光発電設備以外の再生可能エネルギー設備、CO2削減率が30％以上の省CO2促進設備：２分の１以内 ※上限は事業期間全体で1.0億円 ②２分の１以内 ※上限は事業期間全体で2.5億円 ■問合せ先 一般社団法人静岡県環境資源協会 省CO2促進事業支援センター （E-mail：center@siz-kankyou.or.jp）,目的・概要 ①水インフラである上下水道施設 、ダム施設において、 再生可能エネルギー設備の設置や省エネ設備の導入等の脱炭素化の取組を行う事業に要する経費 の一部に補助金を交付することにより、事業者等のCO2排出抑制を行うとともに、先行事例を示すことで、近隣事業者等へのCO2排出抑制対策の効果的な波及を促進し、脱炭素 型の水インフラシステムの実現に資することを目的とする。 ②自家消費する以上の水力発電等の再エネポテンシャルを有する水インフラ施設において、ポテンシャルの最大限の活用のため、民間事業者等が発電事業を行い、周辺地域等に一定量の電力を 供給し、電力の地産地消を行うモデル事業に要する経費の一部に補助金を交付することにより、 先行事例を示すことで、近隣事業者等へのCO2排出抑制対策の効果的な波及 を促進し、脱炭素型の水インフラシステムの実現に資することを目的とする。 ■補助率 ①太陽光発電設備、CO2削減率が15％以上30％未満の省CO2促進設備：３分の１以内 太陽光発電設備以外の再生可能エネルギー設備、CO2削減率が30％以上の省CO2促進設備：２分の１以内 ※上限は事業期間全体で1.0億円 ②２分の１以内 ※上限は事業期間全体で2.5億円 ■問合せ先 一般社団法人静岡県環境資源協会 省CO2促進事業支援センター （E-mail：center@siz-kankyou.or.jp）
5,2026-09-25 12:00,①省CO2型プラスチック高度リサイクル設備導入事業（バリューチェーン）【令和７年度（補正予算）４次公募及び令和８年度３次公募】,全国,7297000000,漁業 / 建設業 / 製造業 / 電気・ガス・熱供給・水道業 / 情報通信業 / 複合サービス事業 / サービス業（他に分類されないもの） / 分類不能の産業 / 農業、林業 / 鉱業、採石業、砂利採取業 / 運輸業、郵便業 / 卸売業、小売業 / 金融業、保険業 / 不動産業、物品賃貸業 / 学術研究、専門・技術サービス業 / 宿泊業、飲食サービス業 / 生活関連サービス業、娯楽業 / 教育、学習支援業 / 医療、福祉,従業員数の制約なし,応募資格 （ア） 民間企業 （イ） 一般社団法人・一般財団法人及び公益社団法人・公益財団法人 （ウ） その他環境大臣（以下「大臣」という。）の承認を得て補助事業者が適当と認める者 ■補助対象要件 １. 使用済製品等のリサイクルの促進及びリサイクルプロセス全体のエネルギー起源二酸化炭素の排出抑制を図る事業であること。 ２. これまでリサイクルできなかったものへの量的な拡大、もしくはより高品質な再生素材の供給を目指すために、省CO2型の資源循環高度化設備を導入することで、製 造された再生素材の国内資源循環が安定的に見込める事業であること。 あるいは、リユースに必要な設備を導入することで、プラスチック使用量削減に資する事業であり、国内資源循環が安定的に見込める事業であること。 ３. 本補助事業により導入した設備による二酸化炭素削減効果と、製造された再生素材を利用する事業者を把握し、それらの実施状況について、交付規程第１６条に基づく事業報告書を指定する期日までに提出するものであること。 ■地理条件 日本国内の事業所等において設備を設置する事業に限る。 ﻿■備考 ・応募申請には、GビズIDが必要です。 ・公募要領をよくお読みの上、申請を行ってください。 ■申請提出先 公益財団法人廃棄物・３Ｒ研究財団 〒１３０－００２６ 東京都墨田区両国３－２５－５ ＪＥＩ両国ビル８階 担当： 金井、福田、久松、岩瀬 TEL：０３－５６３８－７１６２ FAX：０３－５６３８－７１６５ 問合せ先 E-mail： r.koudoka-1＠jwrf.or.jp ■参照URL 000335980.pdf,目的・概要 プラスチック資源循環の促進のため、使用済製品等のリサイクルプロセス全体のエネルギー起源二酸化炭素の排出の抑制を図り、資源循環に係るバリューチェーン（メーカー・リテイラー・ユーザー・リサイクラー）全体においてこれまでリサイクルできなかったものへの量的な拡大、もしくは高品質な再生素材の供給を目指す資源循環高度化設備等の導入や、プラスチック使用量削減に資するリユースに必要な設備の導入をすることにより、 脱炭素社会の実現に資するとともに、循環経済への移行とＧＸ（グリーントランスフォーメーション）に貢献することを目的とする 。 ■根拠法令 無し ■応募資格 （ア） 民間企業 （イ） 一般社団法人・一般財団法人及び公益社団法人・公益財団法人 （ウ） その他環境大臣（以下「大臣」という。）の承認を得て補助事業者が適当と認める者 ■補助対象要件 １. 使用済製品等のリサイクルの促進及びリサイクルプロセス全体のエネルギー起源二酸化炭素の排出抑制を図る事業であること。 ２. これまでリサイクルできなかったものへの量的な拡大、もしくはより高品質な再生素材の供給を目指すために、省CO2型の資源循環高度化設備を導入することで、製 造された再生素材の国内資源循環が安定的に見込める事業であること。 あるいは、リユースに必要な設備を導入することで、プラスチック使用量削減に資する事業であり、国内資源循環が安定的に見込める事業であること。 ３. 本補助事業により導入した設備による二酸化炭素削減効果と、製
6,2026-09-25 12:00,②化石資源由来プラスチックを代替する再生可能資源由来素材 の省CO2型製造設備導入事業（バリューチェーン）【令和７年度（補正予算）第４次公募及び令和８年度第３次公募】,全国,7297000000,漁業 / 建設業 / 製造業 / 電気・ガス・熱供給・水道業 / 情報通信業 / 複合サービス事業 / サービス業（他に分類されないもの） / 分類不能の産業 / 農業、林業 / 鉱業、採石業、砂利採取業 / 運輸業、郵便業 / 卸売業、小売業 / 金融業、保険業 / 不動産業、物品賃貸業 / 学術研究、専門・技術サービス業 / 宿泊業、飲食サービス業 / 生活関連サービス業、娯楽業 / 教育、学習支援業 / 医療、福祉,従業員数の制約なし,応募資格 （ア） 民間企業 （イ） 一般社団法人・一般財団法人及び公益社団法人・公益財団法人 （ウ） その他環境大臣（以下「大臣」という。）の承認を得て補助事業者が適当と認める者 ■補助対象要件 １. 従来の化石資源由来プラスチックを代替する再生可能資源由来素材等（バイオマスプラスチック＜生分解性プラスチックを含む＞、パルプ等）の国内導入を拡大させることを目的とした事業であり、事業プロセス全体のエネルギー起源二酸化炭素の排出抑制を図るための省CO2型の資源循環高度化設備を導入する事業であること。 ※ 製造された素材の多くが国外に輸出されるなど、国内導入の拡大に寄与しない場合は補助対象外となる。 ２. 本補助事業により導入した設備による二酸化炭素削減効果と、製造された再生可能資源由来素材等を利用する事業者を把握し、それらの実施状況について、交付規程第１６条に基づく事業報告書を指定する期日までに提出するものであること。 ■地理条件 日本国内の事業所等において設備を設置する事業に限る。 ﻿■備考 ・応募申請には、GビズIDが必要です。 ・公募要領をよくお読みの上、申請を行ってください。 ■申請提出先 公益財団法人廃棄物・３Ｒ研究財団 〒１３０－００２６ 東京都墨田区両国３－２５－５ ＪＥＩ両国ビル８階 担当： 金井、福田、久松、岩瀬 TEL：０３－５６３８－７１６２ FAX：０３－５６３８－７１６５ 問合せ先 E-mail： r.koudoka-1＠jwrf.or.jp ■参照URL 000335980.pdf,目的・概要 従来の化石資源由来 プラスチックを代替する再生可能資源由来素材の製造設備を導入する事業を行うことにより、 脱炭素社会の実現に資するとともに、循環経済への移行とＧＸ（グリーントランスフォーメーション）に貢献することを目的とする。 ■根拠法令 無し ■応募資格 （ア） 民間企業 （イ） 一般社団法人・一般財団法人及び公益社団法人・公益財団法人 （ウ） その他環境大臣（以下「大臣」という。）の承認を得て補助事業者が適当と認める者 ■補助対象要件 １. 従来の化石資源由来プラスチックを代替する再生可能資源由来素材等（バイオマスプラスチック＜生分解性プラスチックを含む＞、パルプ等）の国内導入を拡大させることを目的とした事業であり、事業プロセス全体のエネルギー起源二酸化炭素の排出抑制を図るための省CO2型の資源循環高度化設備を導入する事業であること。 ※ 製造された素材の多くが国外に輸出されるなど、国内導入の拡大に寄与しない場合は補助対象外となる。 ２. 本補助事業により導入した設備による二酸化炭素削減効果と、製造された再生可能資源由来素材等を利用する事業者を把握し、それらの実施状況について、交付規程第１６条に基づく事業報告書を指定する期日までに提出するものであること。 ■地理条件 日本国内の事業所等において設備を設置する事業に限る。 ﻿■備考 ・応募申請には、GビズIDが必要です。 ・公募要領をよくお読みの上、申請を行ってください。 ■申請提出先 公益財団法人廃棄物・３Ｒ研究財
7,2026-09-25 12:00,③太陽光パネルリサイクル設備導入事業（バリューチェーン）【令和７年度（補正予算）第４次公募及び令和８年度第３次公募】,全国,7297000000,漁業 / 建設業 / 製造業 / 電気・ガス・熱供給・水道業 / 情報通信業 / 複合サービス事業 / サービス業（他に分類されないもの） / 分類不能の産業 / 農業、林業 / 鉱業、採石業、砂利採取業 / 運輸業、郵便業 / 卸売業、小売業 / 金融業、保険業 / 不動産業、物品賃貸業 / 学術研究、専門・技術サービス業 / 宿泊業、飲食サービス業 / 生活関連サービス業、娯楽業 / 教育、学習支援業 / 医療、福祉,従業員数の制約なし,応募資格 （ア） 民間企業 （イ） 一般社団法人・一般財団法人及び公益社団法人・公益財団法人 （ウ） その他環境大臣（以下「大臣」という。）の承認を得て補助事業者が適当と認める者 ■補助対象要件 １. 太陽光パネル のリサイクルの促進及びリサイクルプロセス全体のエネルギー起源二酸化炭素の排出抑制を図り、リサイクル工程における、ガラス、セル及びフレームの分離を行い、素材ごとのリサイクルの高度化を図るための設備を導入する事業であること。 ２. 本補助事業により導入した設備による事業プロセス全体の二酸化炭素削減効果と、製造された再生素材等の国内導入量を把握し、それらの実施状況について、交付規程第１６条に基づく事業報告書を指定する期日までに提出するものであること。 ■地理条件 日本国内の事業所等において設備を設置する事業に限る。 ﻿■備考 ・応募申請には、GビズIDが必要です。 ・公募要領をよくお読みの上、申請を行ってください。 ■申請提出先 公益財団法人廃棄物・３Ｒ研究財団 〒１３０－００２６ 東京都墨田区両国３－２５－５ ＪＥＩ両国ビル８階 担当： 金井、福田、久松、岩瀬 TEL：０３－５６３８－７１６２ FAX：０３－５６３８－７１６５ 問合せ先 E-mail： r.koudoka-1＠jwrf.or.jp ■参照URL 000335980.pdf,目的・概要 太陽光パネルのリサイクル設備を導入することにより、使用済製品等のリサイクルの促進を図り、これらのプロセス全体のエネルギー起源二酸化炭素の排出抑制をはかることにより、資源循環に係るバリューチェーン（メーカー・リテイラー・ユーザー・リサイクラー）全体において低炭素・ 脱炭素社会の実現に資するとと もに、循環経済への移行とGX（グリーントランスフォーメーション）に貢献することを目的とする。 ■根拠法令 無し ■応募資格 （ア） 民間企業 （イ） 一般社団法人・一般財団法人及び公益社団法人・公益財団法人 （ウ） その他環境大臣（以下「大臣」という。）の承認を得て補助事業者が適当と認める者 ■補助対象要件 １. 太陽光パネル のリサイクルの促進及びリサイクルプロセス全体のエネルギー起源二酸化炭素の排出抑制を図り、リサイクル工程における、ガラス、セル及びフレームの分離を行い、素材ごとのリサイクルの高度化を図るための設備を導入する事業であること。 ２. 本補助事業により導入した設備による事業プロセス全体の二酸化炭素削減効果と、製造された再生素材等の国内導入量を把握し、それらの実施状況について、交付規程第１６条に基づく事業報告書を指定する期日までに提出するものであること。 ■地理条件 日本国内の事業所等において設備を設置する事業に限る。 ﻿■備考 ・応募申請には、GビズIDが必要です。 ・公募要領をよくお読みの上、申請を行ってください。 ■申請提出先 公益財団法人廃棄物・３Ｒ研究財団
8,2026-09-25 12:00,④リチウム蓄電池リサイクル設備導入事業（バリューチェーン）【令和７年度（補正予算）第４次公募及び令和８年度第３次公募】,全国,7297000000,漁業 / 建設業 / 製造業 / 電気・ガス・熱供給・水道業 / 情報通信業 / 複合サービス事業 / サービス業（他に分類されないもの） / 分類不能の産業 / 農業、林業 / 鉱業、採石業、砂利採取業 / 運輸業、郵便業 / 卸売業、小売業 / 金融業、保険業 / 不動産業、物品賃貸業 / 学術研究、専門・技術サービス業 / 宿泊業、飲食サービス業 / 生活関連サービス業、娯楽業 / 教育、学習支援業 / 医療、福祉,従業員数の制約なし,応募資格 （ア） 民間企業 （イ） 一般社団法人・一般財団法人及び公益社団法人・公益財団法人 （ウ） その他環境大臣（以下「大臣」という。）の承認を得て補助事業者が適当と認める者 ■補助対象要件 １. リチウム蓄電池のリサイクルの促進及びリサイクルプロセス全体のエネルギー起源二酸化炭素の排出抑制を図り、リサイクル工程における、放電、熱処理等の事前処理及び破砕、分離、化学処理等により、有用金属を高純度でリサイクルするための設備を導入する事業であること。 ２. 本補助事業により導入した設備による事業プロセス全体の二酸化炭素削減効果と、製造された再生素材等の国内導入量を把握し、それらの実施状況について、交付規程第１６条に基づく事業報告書を指定する期日までに提出するものであること。 ■地理条件 日本国内の事業所等において設備を設置する事業に限る。 ﻿■備考 ・応募申請には、GビズIDが必要です。 ・公募要領をよくお読みの上、申請を行ってください。 ■申請提出先 公益財団法人廃棄物・３Ｒ研究財団 〒１３０－００２６ 東京都墨田区両国３－２５－５ ＪＥＩ両国ビル８階 担当： 金井、福田、久松、岩瀬 TEL：０３－５６３８－７１６２ FAX：０３－５６３８－７１６５ 問合せ先 E-mail： r.koudoka-1＠jwrf.or.jp ■参照URL 000335980.pdf ﻿﻿,目的・概要 リチウム蓄電池のリサイクル設備を導入することにより、使用済み製品等のリサイクルの促進を図り、これらのプロセス全体のエネルギー起源二酸化炭素の排出抑制をはかることにより、資源循環に係るバリューチェーン（メーカー・リテイラー・ユーザー・リサイクラー）全体において低炭素・脱炭素社会の実現に資するとともに、循環経済への移行とGX（グリーントランスフォーメーション）に貢献することを目的とする。 ■根拠法令 無し ■応募資格 （ア） 民間企業 （イ） 一般社団法人・一般財団法人及び公益社団法人・公益財団法人 （ウ） その他環境大臣（以下「大臣」という。）の承認を得て補助事業者が適当と認める者 ■補助対象要件 １. リチウム蓄電池のリサイクルの促進及びリサイクルプロセス全体のエネルギー起源二酸化炭素の排出抑制を図り、リサイクル工程における、放電、熱処理等の事前処理及び破砕、分離、化学処理等により、有用金属を高純度でリサイクルするための設備を導入する事業であること。 ２. 本補助事業により導入した設備による事業プロセス全体の二酸化炭素削減効果と、製造された再生素材等の国内導入量を把握し、それらの実施状況について、交付規程第１６条に基づく事業報告書を指定する期日までに提出するものであること。 ■地理条件 日本国内の事業所等において設備を設置する事業に限る。 ﻿■備考 ・応募申請には、GビズIDが必要です。 ・公募要領をよくお読みの上、申請を行ってください。 ■申請提出先 公益財団法人廃
9,2026-09-25 12:00,令和7年度_資源国脱炭素化・エネルギー転換技術等支援事業費補助金_第5回公募,全国,660000000,建設業 / 製造業 / 電気・ガス・熱供給・水道業 / 分類不能の産業 / 鉱業、採石業、砂利採取業 / 運輸業、郵便業 / 卸売業、小売業 / 学術研究、専門・技術サービス業,従業員数の制約なし,応募資格 応募資格：次の要件を満たす民間団体等とします。 ※コンソーシアム形式による申請の場合は、幹事者を決めていただくとともに、幹事者が事業提案書を提出してください。（ただし、幹事者が業務の全てを他の者に再委託することはできません。）日本法人と現地法人の共同申請も可能です。（なお幹事法人及び共同申請者の要件については、以下をご確認ください）その場合の補助金は、幹事法人あるいは共同申請者（日本法人に限る）に交付し、幹事法人あるいは共同申請者（日本法人に限る）から現地法人に分配することとし、当該分配に係る手数料等は補助対象外とします。 （１）単独の申請、または、幹事法人の応募資格 ①日本に拠点を有していること。 ②本事業を的確に遂行する組織、人員等を有していること。 ③本事業を円滑に遂行するために必要な経営基盤を有し、かつ、資金等について十分な管理能力を有していること。 ④経済産業省からの補助金交付等停止措置又は指名停止措置が講じられている者ではないこと。 ⑤経済産業省におけるＥＢＰＭ※に関する取組に協力すること。 （※）ＥＢＰＭ（Evidence-Based Policy Making：証拠に基づく政策立案）とは、政策の企画をその場限りのエピソードに頼るのではなく、政策目的を明確化したうえで合理的根拠（エビデンス）に基づくものとすることです。限られた予算・資源のもと、各種の統計を正確に分析して効果的な政策を選択していくＥＢＰＭの推進は、2017年以降毎年、政府の経済財政運営と改革の基本方針（骨太の方針）にも掲げられており、今後もますます重要性が増していくことが予想されます。 （２）共同申請する場合の幹事法人以外（以下、「共同申請者」）の応募資格 ①日本に拠点を有している、若しくは、現地法人の場合は、以下いずれかの要件を満たした法人であること。 （ⅰ）幹事法人あるいは共同申請者（日本法人に限る）の海外子会社（日本側出資比率１０％以上） （ⅱ）幹事法人あるいは共同申請者（日本,目的・概要 この補助金は、「資源国における化石燃料産業等の基盤施設・設備の脱炭素化・低炭素化や、水素、アンモニア、バイオ燃料をはじめとする産業の脱炭素化・低炭素化に資する燃料分野にかかる我が国の有する先端技術の移転、調査・研究等を実施する事業（以下、「資源国事業環境整備事業」という。）に要する経費を補助することにより、脱炭素化・低炭素化に資する燃料の新たな市場創出を実現の上、安定的かつ低廉な供給の確保を図ることを目的とする。」ものとします。（交付要綱から引用） ■応募資格 応募資格：次の要件を満たす民間団体等とします。 ※コンソーシアム形式による申請の場合は、幹事者を決めていただくとともに、幹事者が事業提案書を提出してください。（ただし、幹事者が業務の全てを他の者に再委託することはできません。）日本法人と現地法人の共同申請も可能です。（なお幹事法人及び共同申請者の要件については、以下をご確認ください）その場合の補助金は、幹事法人あるいは共同申請者（日本法人に限る）に交付し、幹事法人あるいは共同申請者（日本法人に限る）から現地法人に分配することとし、当該分配に係る手数料等は補助対象外とします。 （１）単独の申請、または、幹事法人の応募資格 ①日本に拠点を有していること。 ②本事業を的確に遂行する組織、人員等を有していること。 ③本事業を円滑に遂行するために必要な経営基盤を有し、かつ、資金等について十分な管理能力を有していること。 ④経済産業省からの補助金交付等停止措置又は指名停止措
10,2026-09-25 12:00,令和8年度_資源国脱炭素化・エネルギー転換技術等支援事業費補助金_第3回公募,全国,1200000000,建設業 / 製造業 / 電気・ガス・熱供給・水道業 / 分類不能の産業 / 鉱業、採石業、砂利採取業 / 運輸業、郵便業 / 卸売業、小売業 / 学術研究、専門・技術サービス業,従業員数の制約なし,応募資格 応募資格：次の要件を満たす民間団体等とします。 ※コンソーシアム形式による申請の場合は、幹事者を決めていただくとともに、幹事者が事業提案書を提出してください。（ただし、幹事者が業務の全てを他の者に再委託することはできません。）日本法人と現地法人の共同申請も可能です。（なお幹事法人及び共同申請者の要件については、以下をご確認ください）その場合の補助金は、幹事法人あるいは共同申請者（日本法人に限る）に交付し、幹事法人あるいは共同申請者（日本法人に限る）から現地法人に分配することとし、当該分配に係る手数料等は補助対象外とします。 （１）単独の申請、または、幹事法人の応募資格 ①日本に拠点を有していること。 ②本事業を的確に遂行する組織、人員等を有していること。 ③本事業を円滑に遂行するために必要な経営基盤を有し、かつ、資金等について十分な管理能力を有していること。 ④経済産業省からの補助金交付等停止措置又は指名停止措置が講じられている者ではないこと。 ⑤経済産業省におけるＥＢＰＭ※に関する取組に協力すること。 （※）ＥＢＰＭ（Evidence-Based Policy Making：証拠に基づく政策立案）とは、政策の企画をその場限りのエピソードに頼るのではなく、政策目的を明確化したうえで合理的根拠（エビデンス）に基づくものとすることです。限られた予算・資源のもと、各種の統計を正確に分析して効果的な政策を選択していくＥＢＰＭの推進は、2017年以降毎年、政府の経済財政運営と改革の基本方針（骨太の方針）にも掲げられており、今後もますます重要性が増していくことが予想されます。 （２）共同申請する場合の幹事法人以外（以下、「共同申請者」）の応募資格 ①日本に拠点を有している、若しくは、現地法人の場合は、以下いずれかの要件を満たした法人であること。 （ⅰ）幹事法人あるいは共同申請者（日本法人に限る）の海外子会社（日本側出資比率１０％以上） （ⅱ）幹事法人あるいは共同申請者（日本,目的・概要 この補助金は、「資源国における化石燃料産業等の基盤施設・設備の脱炭素化・低炭素化や、水素、アンモニア、バイオ燃料をはじめとする産業の脱炭素化・低炭素化に資する燃料分野にかかる我が国の有する先端技術の移転、調査・研究等を実施する事業（以下、「資源国事業環境整備事業」という。）に要する経費を補助することにより、脱炭素化・低炭素化に資する燃料の新たな市場創出を実現の上、安定的かつ低廉な供給の確保を図ることを目的とする。」ものとします。（交付要綱から引用） ■応募資格 応募資格：次の要件を満たす民間団体等とします。 ※コンソーシアム形式による申請の場合は、幹事者を決めていただくとともに、幹事者が事業提案書を提出してください。（ただし、幹事者が業務の全てを他の者に再委託することはできません。）日本法人と現地法人の共同申請も可能です。（なお幹事法人及び共同申請者の要件については、以下をご確認ください）その場合の補助金は、幹事法人あるいは共同申請者（日本法人に限る）に交付し、幹事法人あるいは共同申請者（日本法人に限る）から現地法人に分配することとし、当該分配に係る手数料等は補助対象外とします。 （１）単独の申請、または、幹事法人の応募資格 ①日本に拠点を有していること。 ②本事業を的確に遂行する組織、人員等を有していること。 ③本事業を円滑に遂行するために必要な経営基盤を有し、かつ、資金等について十分な管理能力を有していること。 ④経済産業省からの補助金交付等停止措置又は指名停止措
11,2026-09-25 17:00,令和８年度外国商標出願費用助成事業（第２回）,東京都,600000,漁業 / 建設業 / 製造業 / 電気・ガス・熱供給・水道業 / 情報通信業 / 複合サービス事業 / サービス業（他に分類されないもの） / 分類不能の産業 / 農業、林業 / 鉱業、採石業、砂利採取業 / 運輸業、郵便業 / 卸売業、小売業 / 金融業、保険業 / 不動産業、物品賃貸業 / 学術研究、専門・技術サービス業 / 宿泊業、飲食サービス業 / 生活関連サービス業、娯楽業 / 教育、学習支援業 / 医療、福祉,300名以下,申込資格 東京都内の中小企業者（会社及び個人事業者）、中小企業団体、一般社団・財団法人（1年度1社1出願に限る） ■助成内容 〇助成対象期間 令和8年4月1日から令和9年9月30日まで（1年6か月） 〇助成率 1/2以内 〇 助成限度額 60万円 〇 助成対象経費 ・外国出願手数料 ・代理人費用 ・翻訳料 ・先行商標調査費用 等 ■申請受付期間 （第1回）令和8年4月22日（水）～令和8年5月14日（木）17時まで （第2回）令和8年9月2日（水）～令和8年9月25日（金）17時まで ■受付方法 本助成金の申請には、 jGrantsでの交付申請 と 申請書類の提出 の両方の手続きが必要です。 ※両 方の手続 きを申請受付期間内に完了できない場合、申請を正式に受理することができませんのでご注意ください。 ■問合せ先 東京都知的財産総合センター 東京都台東区台東1-3-5 反町商事ビル1階 TEL：03-3832-3656 E-mail：ip-syouhyo@tokyo-kosha.or.jp ■参照URL https://www.tokyo-kosha.or.jp/chizai/josei/shohyo/,目的・概要 本助成金は、優れた商品やサービスに識別力のある商標を有し、かつ、それらを海外において広く活用しようとする東京都内の中小企業者等に対し、外国商標出願に要する経費の一部を助成することによって、中小企業者等の国際競争力の向上、経営基盤の強化を図り、東京の産業を活性化することを目的としています。 ■申込資格 東京都内の中小企業者（会社及び個人事業者）、中小企業団体、一般社団・財団法人（1年度1社1出願に限る） ■助成内容 〇助成対象期間 令和8年4月1日から令和9年9月30日まで（1年6か月） 〇助成率 1/2以内 〇 助成限度額 60万円 〇 助成対象経費 ・外国出願手数料 ・代理人費用 ・翻訳料 ・先行商標調査費用 等 ■申請受付期間 （第1回）令和8年4月22日（水）～令和8年5月14日（木）17時まで （第2回）令和8年9月2日（水）～令和8年9月25日（金）17時まで ■受付方法 本助成金の申請には、 jGrantsでの交付申請 と 申請書類の提出 の両方の手続きが必要です。 ※両 方の手続 きを申請受付期間内に完了できない場合、申請を正式に受理することができませんのでご注意ください。 ■問合せ先 東京都知的財産総合センター 東京都台東区台東1-3-5 反町商事ビル1階 TEL：03-3832-3656 E-mail：ip-syouhyo@tokyo-kosha.or.jp ■参照URL https://www.tokyo-kosha.or.jp/chizai/jo
12,2026-09-25 17:00,令和８年度外国意匠出願費用助成事業（第２回）,東京都,600000,漁業 / 建設業 / 製造業 / 電気・ガス・熱供給・水道業 / 情報通信業 / 複合サービス事業 / サービス業（他に分類されないもの） / 分類不能の産業 / 農業、林業 / 鉱業、採石業、砂利採取業 / 運輸業、郵便業 / 卸売業、小売業 / 金融業、保険業 / 不動産業、物品賃貸業 / 学術研究、専門・技術サービス業 / 宿泊業、飲食サービス業 / 生活関連サービス業、娯楽業 / 教育、学習支援業 / 医療、福祉,300名以下,申込資格 東京都内の中小企業者（会社及び個人事業者）、中小企業団体、一般社団・財団法人（1年度1社1出願に限る） ■助成内容 〇助成対象期間 令和8年4月1日から令和9年9月30日まで（1年6か月） 〇助成率 1/2以内 〇 助成限度額 60万円 〇 助成対象経費 ・外国出願手数料 ・代理人費用 ・翻訳料 ・先行意匠調査費用 等 ■申請受付期間 （第１回）令和8年4月22日（水）～令和8年5月14日（木）17時まで （第２回）令和8年9月2日（水）～令和8年9月25日（金）17時まで ■受付方法 本助成金の申請には、 jGrantsでの交付申請 と 申請書類の提出 の両方の手続きが必要です。 ※両 方の手続 きを申請受付期間内に完了できない場合、申請を正式に受理することができませんのでご注意ください。 ■問合せ先 東京都知的財産総合センター 東京都台東区台東1-3-5 反町商事ビル1階 TEL：03-3832-3656 E-mail：ip-isyo@tokyo-kosha.or.jp ■参照URL https://www.tokyo-kosha.or.jp/chizai/josei/isho/,目的・概要 本助成金は、創造性又は審美性のある意匠を有する優れた商品を持ち、かつ、それらを海外において広く活用しようとする東京都内の中小企業者等に対し、外国意匠出願に要する経費の一部を助成することによって、中小企業者等の国際競争力の向上、経営基盤の強化を図り、東京の産業を活性化することを目的としています。 ■申込資格 東京都内の中小企業者（会社及び個人事業者）、中小企業団体、一般社団・財団法人（1年度1社1出願に限る） ■助成内容 〇助成対象期間 令和8年4月1日から令和9年9月30日まで（1年6か月） 〇助成率 1/2以内 〇 助成限度額 60万円 〇 助成対象経費 ・外国出願手数料 ・代理人費用 ・翻訳料 ・先行意匠調査費用 等 ■申請受付期間 （第１回）令和8年4月22日（水）～令和8年5月14日（木）17時まで （第２回）令和8年9月2日（水）～令和8年9月25日（金）17時まで ■受付方法 本助成金の申請には、 jGrantsでの交付申請 と 申請書類の提出 の両方の手続きが必要です。 ※両 方の手続 きを申請受付期間内に完了できない場合、申請を正式に受理することができませんのでご注意ください。 ■問合せ先 東京都知的財産総合センター 東京都台東区台東1-3-5 反町商事ビル1階 TEL：03-3832-3656 E-mail：ip-isyo@tokyo-kosha.or.jp ■参照URL https://www.tokyo-kosha.or.jp/chizai/jo
13,2026-09-29 12:00,2026年度「木質バイオマス燃料等の安定的・効率的な供給・利用システム構築支援事業」の第２回公募,全国,0,学術研究、専門・技術サービス業,従業員数の制約なし,国立研究開発法人新エネルギー・産業技術総合開発機構（NEDO）は、2026年度第２回「木質バイオマス燃料等の安定的・効率的な供給・利用システム構築支援事業」の実施者を広く一般に公募いたします。本件について受託を希望する方は、NEDO HPをご確認いただき御応募ください。 https://www.nedo.go.jp/koubo/FF2_100464.html,国立研究開発法人新エネルギー・産業技術総合開発機構（NEDO）は、2026年度第２回「木質バイオマス燃料等の安定的・効率的な供給・利用システム構築支援事業」の実施者を広く一般に公募いたします。本件について受託を希望する方は、NEDO HPをご確認いただき御応募ください。 https://www.nedo.go.jp/koubo/FF2_100464.html
14,2026-09-30 11:49,東京都商店街デジタル化推進事業費補助金,東京都,15000000,漁業 / 建設業 / 製造業 / 電気・ガス・熱供給・水道業 / 情報通信業 / 複合サービス事業 / サービス業（他に分類されないもの） / 農業、林業 / 鉱業、採石業、砂利採取業 / 運輸業、郵便業 / 卸売業、小売業 / 金融業、保険業 / 不動産業、物品賃貸業 / 学術研究、専門・技術サービス業 / 宿泊業、飲食サービス業 / 生活関連サービス業、娯楽業 / 教育、学習支援業 / 医療、福祉,従業員数の制約なし,■目的・概要 デジタル技術の活用に取り組む都内商店街に対し、必要な機器の購入やアプリ・各種システムの開発・構築などデジタル導入に要する経費のほか、専門家からの支援を受ける経費や効果的な活用・運用等に係る経費を補助します。 ■参照URL https://www.sangyo-rodo.metro.tokyo.lg.jp/chushou/shoko/chiiki/miryoku/digital/,目的・概要 デジタル技術の活用に取り組む都内商店街に対し、必要な機器の購入やアプリ・各種システムの開発・構築などデジタル導入に要する経費のほか、専門家からの支援を受ける経費や効果的な活用・運用等に係る経費を補助します。 ■参照URL https://www.sangyo-rodo.metro.tokyo.lg.jp/chushou/shoko/chiiki/miryoku/digital/
15,2026-09-30 12:00,「GXイノベーション・エコシステム構築事業推進に向けたフロンティア領域の探索・重点支援のためのマネジメント手法の構築」の公募,全国,0,学術研究、専門・技術サービス業,従業員数の制約なし,国立研究開発法人新エネルギー・産業技術総合開発機構（NEDO）は、「GXイノベーション・エコシステム構築事業推進に向けたフロンティア領域の探索・重点支援のためのマネジメント手法の構築」の実施者を広く一般に公募いたします。本件について受託を希望する方は、NEDO HPをご確認いただき御応募ください。 https://www.nedo.go.jp/koubo/NA2_100291.html,国立研究開発法人新エネルギー・産業技術総合開発機構（NEDO）は、「GXイノベーション・エコシステム構築事業推進に向けたフロンティア領域の探索・重点支援のためのマネジメント手法の構築」の実施者を広く一般に公募いたします。本件について受託を希望する方は、NEDO HPをご確認いただき御応募ください。 https://www.nedo.go.jp/koubo/NA2_100291.html
16,2026-09-30 17:00,【令和７年度補正予算・令和８年度】二酸化炭素排出抑制対策事業費等補助金（テナントビルの省CO2改修支援事業（令和７年度補正三次公募・令和８年度二次公募））,全国,40000000,漁業 / 建設業 / 製造業 / 電気・ガス・熱供給・水道業 / 情報通信業 / 複合サービス事業 / サービス業（他に分類されないもの） / 公務（他に分類されるものを除く） / 分類不能の産業 / 農業、林業 / 鉱業、採石業、砂利採取業 / 運輸業、郵便業 / 卸売業、小売業 / 金融業、保険業 / 不動産業、物品賃貸業 / 学術研究、専門・技術サービス業 / 宿泊業、飲食サービス業 / 生活関連サービス業、娯楽業 / 教育、学習支援業 / 医療、福祉,従業員数の制約なし,"※詳細につきましては以下よりご確認ください。 https://siz-kankyou.com/2025hco2/tenant3/ ■目的・概要 本事業は、テナントが入居する既存の建物（以下「テナントビル」という。）において、ビルオーナーとテナントが環境負荷を低減する取組に関する契約や覚書（以下、「グリーンリース契約等」という。を結び、グリーンリース契約等に基づき協働して当該テナントビルの省エネ化、省CO2化を図る場合に必要となる設備導入等に係る費用の一部を支援することで、既存のテナントビルの低炭素化に向けた取組の推進及び不動産賃貸借契約におけるグリーンリース契約等の普及促進を目的とする。 ■補助額上限 ａとｂを合算して4,000万円 ａ テナント専用部 ｂ 共用部または共用設備（テナントの床面積割合がビル全体の延床面積の30％以上とする） ■補助率 ３分の１ ■問合せ先 一般社団法人静岡県環境資源協会 省ＣＯ２促進事業支援センター （E-mail：center@siz-kankyou.or.jp）","目的・概要 本事業は、テナントが入居する既存の建物（以下「テナントビル」という。）において、ビルオーナーとテナントが環境負荷を低減する取組に関する契約や覚書（以下、「グリーンリース契約等」という。を結び、グリーンリース契約等に基づき協働して当該テナントビルの省エネ化、省CO2化を図る場合に必要となる設備導入等に係る費用の一部を支援することで、既存のテナントビルの低炭素化に向けた取組の推進及び不動産賃貸借契約におけるグリーンリース契約等の普及促進を目的とする。 ■補助額上限 ａとｂを合算して4,000万円 ａ テナント専用部 ｂ 共用部または共用設備（テナントの床面積割合がビル全体の延床面積の30％以上とする） ■補助率 ３分の１ ■問合せ先 一般社団法人静岡県環境資源協会 省ＣＯ２促進事業支援センター （E-mail：center@siz-kankyou.or.jp）"
17,2026-09-30 17:00,【令和７年度補正予算・令和８年度】二酸化炭素排出抑制対策事業費等補助金（民間建築物等における省CO2改修支援事業（令和７年度補正三次公募・令和８年度二次公募））,全国,35000000,漁業 / 建設業 / 製造業 / 電気・ガス・熱供給・水道業 / 情報通信業 / 複合サービス事業 / サービス業（他に分類されないもの） / 公務（他に分類されるものを除く） / 分類不能の産業 / 農業、林業 / 鉱業、採石業、砂利採取業 / 運輸業、郵便業 / 卸売業、小売業 / 金融業、保険業 / 不動産業、物品賃貸業 / 学術研究、専門・技術サービス業 / 宿泊業、飲食サービス業 / 生活関連サービス業、娯楽業 / 教育、学習支援業 / 医療、福祉,従業員数の制約なし,"※詳細につきましては以下よりご確認ください。 https://siz-kankyou.com/2025hco2/minkan3/ ■目的・概要 既存の民間建築物等に対し省CO2性の高い設備等の導入を支援することで、既存の業務用建築物の低炭素化促進を目的とする。 ■補助額上限 3,500万円 ■補助率 ３分の１ ■問合せ先 一般社団法人静岡県環境資源協会 省ＣＯ２促進事業支援センター （E-mail：center@siz-kankyou.or.jp）","目的・概要 既存の民間建築物等に対し省CO2性の高い設備等の導入を支援することで、既存の業務用建築物の低炭素化促進を目的とする。 ■補助額上限 3,500万円 ■補助率 ３分の１ ■問合せ先 一般社団法人静岡県環境資源協会 省ＣＯ２促進事業支援センター （E-mail：center@siz-kankyou.or.jp）"
18,2026-09-30 17:00,【令和７年度補正予算・令和８年度】二酸化炭素排出抑制対策事業費等補助金（空き家等における省CO2改修支援事業（令和７年度補正三次公募・令和８年度二次公募））,全国,10000000,漁業 / 建設業 / 製造業 / 電気・ガス・熱供給・水道業 / 情報通信業 / 複合サービス事業 / サービス業（他に分類されないもの） / 公務（他に分類されるものを除く） / 分類不能の産業 / 農業、林業 / 鉱業、採石業、砂利採取業 / 運輸業、郵便業 / 卸売業、小売業 / 金融業、保険業 / 不動産業、物品賃貸業 / 学術研究、専門・技術サービス業 / 宿泊業、飲食サービス業 / 生活関連サービス業、娯楽業 / 教育、学習支援業 / 医療、福祉,従業員数の制約なし,"※詳細につきましては以下よりご確認ください。 https://siz-kankyou.com/2025hco2/akiya3/ ■目的・概要 我が国において、近年空き家等が増加しており、政府としても防犯上・景観上の観点などから、その対策が急務である。一方で、近年空き家等について福祉施設等に転用する例が見られるなど、今後空き家等を業務用施設として活用することが増加するものと考えられる。本事業ではこのような空き家等を業務用施設として利活用する事業において、古く性能の低い既存の設備を改修し省CO2性の高い設備機器等の導入で、省CO2化を図る。 ■補助額上限 1,000万円 ■補助率 ３分の１ ■問合せ先 一般社団法人静岡県環境資源協会 省ＣＯ２促進事業支援センター （E-mail：center@siz-kankyou.or.jp）","目的・概要 我が国において、近年空き家等が増加しており、政府としても防犯上・景観上の観点などから、その対策が急務である。一方で、近年空き家等について福祉施設等に転用する例が見られるなど、今後空き家等を業務用施設として活用することが増加するものと考えられる。本事業ではこのような空き家等を業務用施設として利活用する事業において、古く性能の低い既存の設備を改修し省CO2性の高い設備機器等の導入で、省CO2化を図る。 ■補助額上限 1,000万円 ■補助率 ３分の１ ■問合せ先 一般社団法人静岡県環境資源協会 省ＣＯ２促進事業支援センター （E-mail：center@siz-kankyou.or.jp）"
19,2026-09-30 17:00,【令和８年度】フェーズフリーの省CO2独立型施設支援事業（２次公募）,全国,35000000,建設業 / 製造業 / 農業、林業 / 卸売業、小売業 / 宿泊業、飲食サービス業 / 教育、学習支援業 / 医療、福祉,従業員数の制約なし,応募資格 ■地理条件 全国 ■申請時の依頼事項 *************************************************************************************** 申請後は担当者様のメールアドレス確認のため、応募アドレス＜h-ido_ohbo@heco-hojo.jp＞に 【申請済みである旨】を記載した電子メールを送付いただきますようお願いいたします。 ************************************************************************************************************ ■問合せ先 ＜メールアドレス＞h-ido_ask@heco-hojo.jp ■参照URL 公益財団法人北海道環境財団 補助金,目的・概要 本補助金は、クーリングシェルターや災害時の活動拠点としても活用可能な設備等の導入を促進し、平常時においては、業務その他部門の脱炭素化に寄与すること、非常時においては、地域の熱中症対策とレジリエンス性能の向上を目的とします。 その中で本事業では、フェーズフリーな省CO2独立型施設の普及促進と、新たな「災害備蓄」としての社会的位置づけの確立を目指します。 ■根拠法令 気候変動適応法（平成３０年法 律第５０号）、道路運送車両法等の法令、建築基準法、その他（平常時の事業実施に必要となる許認可） ■応募資格 ■地理条件 全国 ■申請時の依頼事項 *************************************************************************************** 申請後は担当者様のメールアドレス確認のため、応募アドレス＜h-ido_ohbo@heco-hojo.jp＞に 【申請済みである旨】を記載した電子メールを送付いただきますようお願いいたします。 ************************************************************************************************************ ■問合せ先 ＜メールアドレス＞h-ido_ask@heco-hojo.jp ■参照URL 公益財団法人北海道環境財団 補助金
20,2026-09-30 17:00,令和8年度神奈川県小規模事業者デジタル化支援推進事業費補助金,神奈川県,500000,漁業 / 建設業 / 製造業 / 電気・ガス・熱供給・水道業 / 情報通信業 / 複合サービス事業 / サービス業（他に分類されないもの） / 農業、林業 / 鉱業、採石業、砂利採取業 / 運輸業、郵便業 / 卸売業、小売業 / 金融業、保険業 / 不動産業、物品賃貸業 / 学術研究、専門・技術サービス業 / 宿泊業、飲食サービス業 / 生活関連サービス業、娯楽業 / 教育、学習支援業 / 医療、福祉,20名以下,応募資格 《補助対象者》 次の各号に掲げる要件を満たすこととします。 (1) 神奈川県内に事業所を有する「商工会及び商工会議所による小規模事業者の支援に関する法律（平成5年法律第51号）」第2条に規定する小規模事業者 (2) 一定の要件を満たした「特定非営利活動促進法」第2条第2項に定める特定非営利活動法人 ※過年度に神奈川県小規模事業者デジタル化支援推進事業費補助金の交付を受けた事業者は申請できません。 ※みなし大企業は対象外とします。 《補助対象事業》 人手不足の解消や業務効率化に資するシステム導入等に係る経費を補助します。具体的には以下の事業が対象です。 (1) 業種特有業務効率化事業（工程管理、生産管理、予約管理システム等の導入） (2) 経理業務効率化事業（会計システム、インボイス対応システム等の導入） (3) 営業業務効率化事業（顧客管理システム、受発注管理システム、HP作成等） (4) 労務管理効率化事業（労務管理、勤怠管理システム等の導入） (5) その他業務効率化事業（RPA作成ツール、グループウェア等の導入） ■補助金上限額 上限額： 50万円 補助率：補助対象経費2/3以内 ※ホームページ作成・更新費用は補助上限10万円 ※パソコン、タブレット及びその周辺機器の補助上限は合計で10万円 ■募集期間 令和８年４月15日（水）～９月30日（水） ※ただし、予算額に達し次第終了します。 ■申請方法 (1) 電子申請【原則】：e-kanagawa 電子申請システムを使用して申請してください。 (2) 郵送申請：電子申請システムを使用できない方のみ、郵送で申請を受け付けます。 ※ただし、郵送の場合の受付順は、消印日の電子申請システムの受付分の後の順番とします。後納郵便等、消印が押印されない方法で郵送された場合は、到着日の電子申請システムの受付分の後の順番として扱います。 ※申請に際しては、公益財団法人神奈川産業振興センター、神奈川県中小企業団体中央会、各商工会,補助対象事業》 人手不足の解消や業務効率化に資するシステム導入等に係る経費を補助します。具体的には以下の事業が対象です。 (1) 業種特有業務効率化事業（工程管理、生産管理、予約管理システム等の導入） (2) 経理業務効率化事業（会計システム、インボイス対応システム等の導入） (3) 営業業務効率化事業（顧客管理システム、受発注管理システム、HP作成等） (4) 労務管理効率化事業（労務管理、勤怠管理システム等の導入） (5) その他業務効率化事業（RPA作成ツール、グループウェア等の導入） ■補助金上限額 上限額： 50万円 補助率：補助対象経費2/3以内 ※ホームページ作成・更新費用は補助上限10万円 ※パソコン、タブレット及びその周辺機器の補助上限は合計で10万円 ■募集期間 令和８年４月15日（水）～９月30日（水） ※ただし、予算額に達し次第終了します。 ■申請方法 (1) 電子申請【原則】：e-kanagawa 電子申請システムを使用して申請してください。 (2) 郵送申請：電子申請システムを使用できない方のみ、郵送で申請を受け付けます。 ※ただし、郵送の場合の受付順は、消印日の電子申請システムの受付分の後の順番とします。後納郵便等、消印が押印されない方法で郵送された場合は、到着日の電子申請システムの受付分の後の順番として扱います。 ※申請に際しては、公益財団法人神奈川産業振興センター、神奈川県中小企業団体中央会、各商工会、商工会議所、その他補助制度ホームページに掲載
21,2026-09-30 23:59,令和8年度　建築GX・DX推進事業,全国,0,建設業,従業員数の制約なし,■ 概要 本補助事業は、建築物ライフサイクルカーボン評価（LCCO₂評価）の実施によるLCCO₂削減の推進（GX）と、建築業界全体の生産性向上（DX）を一体的に支援し、これらの取組を加速させることを目的としています。 一定の要件を満たす建築物を整備するプロジェクトにおいて、 ・複数の事業者が連携して建築BIMデータの作成等を行う場合の設計費及び建設工事費の一部 ・建築物のLCCO₂評価を行う場合のLCCO₂評価実施費用 について、国が民間事業者等に対して補助を行います。 本事業は、大規模プロジェクトに限らず、小規模プロジェクトや改修プロジェクトも対象としており、中小事業者でも活用しやすい制度となっています。また、LCCO₂評価については、設計事務所や建設会社に加え、発注者が主体となって実施する場合も支援の対象としています。 ■ 問合せ先 建築GX・DX推進事業実施支援室 TEL ： 03-6803-6766 受付 ： 月～金曜日（祝日、年末年始を除く） 10:00～17:00（12:00～13:00除く） https://gxdx.jp/ ※マニュアルや様式については上記ホームページを参照ください 補助上限額については建築GX・DX推進事業 募集要領をご確認ください。,■ 概要 本補助事業は、建築物ライフサイクルカーボン評価（LCCO₂評価）の実施によるLCCO₂削減の推進（GX）と、建築業界全体の生産性向上（DX）を一体的に支援し、これらの取組を加速させることを目的としています。 一定の要件を満たす建築物を整備するプロジェクトにおいて、 ・複数の事業者が連携して建築BIMデータの作成等を行う場合の設計費及び建設工事費の一部 ・建築物のLCCO₂評価を行う場合のLCCO₂評価実施費用 について、国が民間事業者等に対して補助を行います。 本事業は、大規模プロジェクトに限らず、小規模プロジェクトや改修プロジェクトも対象としており、中小事業者でも活用しやすい制度となっています。また、LCCO₂評価については、設計事務所や建設会社に加え、発注者が主体となって実施する場合も支援の対象としています。 ■ 問合せ先 建築GX・DX推進事業実施支援室 TEL ： 03-6803-6766 受付 ： 月～金曜日（祝日、年末年始を除く） 10:00～17:00（12:00～13:00除く） https://gxdx.jp/ ※マニュアルや様式については上記ホームページを参照ください 補助上限額については建築GX・DX推進事業 募集要領をご確認ください。
22,2026-10-01 17:00,令和８年度特許調査費用助成事業,東京都,1000000,漁業 / 建設業 / 製造業 / 電気・ガス・熱供給・水道業 / 情報通信業 / 複合サービス事業 / サービス業（他に分類されないもの） / 分類不能の産業 / 農業、林業 / 鉱業、採石業、砂利採取業 / 運輸業、郵便業 / 卸売業、小売業 / 金融業、保険業 / 不動産業、物品賃貸業 / 学術研究、専門・技術サービス業 / 宿泊業、飲食サービス業 / 生活関連サービス業、娯楽業 / 教育、学習支援業 / 医療、福祉,300名以下,申込資格 東京都内の中小企業者（会社及び個人事業者）、中小企業団体、一般社団・財団法人（1年度1社1案件に限る） ※助成事業申請日以前に、助成事業申請内容に関する知財相談を受けていること ■助成内容 〇助成対象期間 令和8年4月1日から令和9年9月30日まで（1年6か月） 〇助成率 1/2以内 〇 助成限度額 100万円 〇 助成対象経費 民間調査会社等に依頼する国内及び外国の他社特許調査等に要する下記経費の一部 ・開発戦略策定費用 ・特許出願戦略策定費用 ・継続的なウォッチングに要する費用 ・侵害予防に要する調査費用 ■申請受付期間 随時（最終受付期限：令和8年10月1日（木）17時まで） ■受付方法 本助成金の申請には、 jGrantsでの交付申請 と 申請書類の提出 の両方の手続きが必要です。 ※両 方の手続 きを申請受付期間内に完了できない場合、申請を正式に受理することができませんのでご注意ください。 ■問合せ先 東京都知的財産総合センター 東京都台東区台東1-3-5 反町商事ビル1階 TEL：03-3832-3656 E-mail：chizai-josei@tokyo-kosha.or.jp ■参照URL https://www.tokyo-kosha.or.jp/chizai/josei/chosa/,目的・概要 本助成金は、優れた技術・製品を保有し、明確な事業戦略を持つ東京都内の中小企業者等が、民間調査会社等に他社特許調査等を依頼した場合に、これに要する経費の一部を助成することにより、知的財産権の効果的な活用を支援し、もって国際競争力の向上及び経営基盤の強化を図ることを目的とします。 ■申込資格 東京都内の中小企業者（会社及び個人事業者）、中小企業団体、一般社団・財団法人（1年度1社1案件に限る） ※助成事業申請日以前に、助成事業申請内容に関する知財相談を受けていること ■助成内容 〇助成対象期間 令和8年4月1日から令和9年9月30日まで（1年6か月） 〇助成率 1/2以内 〇 助成限度額 100万円 〇 助成対象経費 民間調査会社等に依頼する国内及び外国の他社特許調査等に要する下記経費の一部 ・開発戦略策定費用 ・特許出願戦略策定費用 ・継続的なウォッチングに要する費用 ・侵害予防に要する調査費用 ■申請受付期間 随時（最終受付期限：令和8年10月1日（木）17時まで） ■受付方法 本助成金の申請には、 jGrantsでの交付申請 と 申請書類の提出 の両方の手続きが必要です。 ※両 方の手続 きを申請受付期間内に完了できない場合、申請を正式に受理することができませんのでご注意ください。 ■問合せ先 東京都知的財産総合センター 東京都台東区台東1-3-5 反町商事ビル1階 TEL：03-3832-3656 E-mail：chizai-josei@tokyo-kosha.o
23,2026-10-02 12:00,令和8年度当初予算　二次公募　民間企業等による再エネの導入及び地域共生加速化事業のうち、ストレージパリティの達成に向けた太陽光発電設備等の価格低減促進事業,全国,60000000,漁業 / 建設業 / 製造業 / 電気・ガス・熱供給・水道業 / 情報通信業 / 複合サービス事業 / サービス業（他に分類されないもの） / 公務（他に分類されるものを除く） / 分類不能の産業 / 農業、林業 / 鉱業、採石業、砂利採取業 / 運輸業、郵便業 / 卸売業、小売業 / 金融業、保険業 / 不動産業、物品賃貸業 / 学術研究、専門・技術サービス業 / 宿泊業、飲食サービス業 / 生活関連サービス業、娯楽業 / 教育、学習支援業 / 医療、福祉,従業員数の制約なし,一般財団法人環境イノベーション情報機構 (EIC) は、二酸化炭素排出抑制対策事業費等補助金（民間企業等による再エネの導入及び地域共生加速化事業）のうち、ストレージパリティの達成に向けた太陽光発電設備等の価格低減促進事業について、補助事業者を公募します。,一般財団法人環境イノベーション情報機構 (EIC) は、二酸化炭素排出抑制対策事業費等補助金（民間企業等による再エネの導入及び地域共生加速化事業）のうち、ストレージパリティの達成に向けた太陽光発電設備等の価格低減促進事業について、補助事業者を公募します。
24,2026-10-09 12:00,令和７年度(補正予算) ゼロエミッション船等の建造促進事業 2次公募,全国,0,製造業,従業員数の制約なし,■目的・概要 水素、アンモニア、LNG、メタノール及び電力（バッテリー）を推進エネルギー源とする船舶（以下「ゼロエミッション船等」という。）の建造において、 水素、アンモニア及び電力（バッテリー） を推進エネルギー源とさせるために必要となるエンジン、燃料タンク、燃料供給システム等（以下「関連舶用機器等」という。）の生産設備の整備事業及びこれらの関連舶用機器等を船舶に搭載（艤装）するための設備等（艤装プラットフォーム等）の整備事業（以下「間接補助事業」という。）を実施することにより、ゼロエミッション船等の国内生産体制を世界に先駆けて構築し、市場導入促進によるCO2の排出削減を進めるとともに産業競争力強化・経済成長を図ることを目的とする。 なお、今回の公募の補助対象となる推進エネルギー源は、水素、アンモニア及び電力（バッテリー）となる。 ■予算額 150億円（初年度：10億円） なお、4月17日に公募締切りした事業の採択後に、二次公募の事業を採択する予定です。 ■補助率 大企業 1/3 以内、 中小企業等 1/2 以内 ■地理条件 全国の事業者が対象 ■事業期間 交付決定日 〜 令和12年3月 ■補助対象要件 ゼロエミッション船等の建造において、 水素、アンモニア及び電力（バッテリー） を推進エネルギー源とさせるために必要となる関連舶用機器等の生産設備の整備及び艤装プラットフォーム等の整備を行う事業であること。 ■補助対象施設﻿ 次に掲げる施設において行われる事業であること。 工場：日本標準産業分類（令和５年７月告示）に掲げる製造業の用に供される施設 ■応募の手順 以下の手順で、公募申請をしてください。 （１）申請者登録 最初に、申請者登録HPにて、申請者登録をしてください。 令和7年度（補正予算） 二次 公募 申請者登録ページURL: https://pczes06.jstra.jp/contact/ 申請者登録終了後、以下の情報を申請機関の申請事業者の担当者にメールいたし,目的・概要 水素、アンモニア、LNG、メタノール及び電力（バッテリー）を推進エネルギー源とする船舶（以下「ゼロエミッション船等」という。）の建造において、 水素、アンモニア及び電力（バッテリー） を推進エネルギー源とさせるために必要となるエンジン、燃料タンク、燃料供給システム等（以下「関連舶用機器等」という。）の生産設備の整備事業及びこれらの関連舶用機器等を船舶に搭載（艤装）するための設備等（艤装プラットフォーム等）の整備事業（以下「間接補助事業」という。）を実施することにより、ゼロエミッション船等の国内生産体制を世界に先駆けて構築し、市場導入促進によるCO2の排出削減を進めるとともに産業競争力強化・経済成長を図ることを目的とする。 なお、今回の公募の補助対象となる推進エネルギー源は、水素、アンモニア及び電力（バッテリー）となる。 ■予算額 150億円（初年度：10億円） なお、4月17日に公募締切りした事業の採択後に、二次公募の事業を採択する予定です。 ■補助率 大企業 1/3 以内、 中小企業等 1/2 以内 ■地理条件 全国の事業者が対象 ■事業期間 交付決定日 〜 令和12年3月 ■補助対象要件 ゼロエミッション船等の建造において、 水素、アンモニア及び電力（バッテリー） を推進エネルギー源とさせるために必要となる関連舶用機器等の生産設備の整備及び艤装プラットフォーム等の整備を行う事業であること。 ■補助対象施設﻿ 次に掲げる施設において行われる事業であること。 工場：日
25,2026-10-09 12:00,令和７年度（補正予算）地域共生を目指したデータセンター脱炭素化設備導入支援事業（三次公募）,全国,0,漁業 / 建設業 / 製造業 / 電気・ガス・熱供給・水道業 / 情報通信業 / 複合サービス事業 / サービス業（他に分類されないもの） / 公務（他に分類されるものを除く） / 分類不能の産業 / 農業、林業 / 鉱業、採石業、砂利採取業 / 運輸業、郵便業 / 卸売業、小売業 / 金融業、保険業 / 不動産業、物品賃貸業 / 学術研究、専門・技術サービス業 / 宿泊業、飲食サービス業 / 生活関連サービス業、娯楽業 / 教育、学習支援業 / 医療、福祉,従業員数の制約なし,応募資格 ア 民間企業 イ 独立行政法人通則法（平成11年法律第103号）第２条第１項に規定する独立行政法人 ウ 地方独立行政法人法（平成15年法律第118号）第21条第３号チに規定される業務を行う地方独立行政法人 エ 国立大学法人、公立大学法人及び学校法人 オ 社会福祉法（昭和26年法律第45号）第22条に規定する社会福祉法人 カ 医療法（昭和23年法律第205号）第39条に規定する医療法人 キ 特別法の規定に基づき設立された協同組合等 ク 一般社団法人・一般財団法人及び公益社団法人・公益財団法人 ケ その他環境大臣の承認を経て協会が適当と認める者 ■補助上限額 公募要領を参照 ■補助事業期間 原則として単年度 ※ただし、単年度での実施が困難な事業については補助事業の期間 を複数年度（最大３年度）とすることができます。 ※複数年度申請をする場合、応募時に年度ごとの事業経費を明確に区分した経費内訳書及び実施計画書が提出されることを前提とします。 この場合、補助金の交付申請等は、年度ごとに行っていただく必要があります。 また、本年度事業については、交付決定の日から令和９年２月２８日までに完了する必要があります。 ■問合せ先 一般社団法人地域循環共生社会連携協会 事業部 花田、飯島 問合せ用メールアドレス：kyosei08@rcespa.jp ■参考URL https://rcespa.jp/r07hosei-datacenter/r07hosei-datacenter-no3,目的・概要 （目的） この補助金は、我が国の2050年カーボンニュートラル・脱炭素社会の実現に向け、生成AI等の活用の広がりにより、データセンターからの温室効果排出量も急増することが予測されている中、(A)未利用再エネと蓄エネの活用、(B)熱の利用、(C)省エネに係る設備導入を支援することで、データセンターの脱炭素化と地方分散を促進し、地域共生型データセンターの普及を図ることを目的としております。 事業の実施により、エネルギー起源二酸化炭素の排出が確実に削減されることが必要です。 ※本事業において「データセンター」とは、サーバーや通信機器等のICT機器を設置・運用することに特化した施設を指します。 （概要） A 未利用再生可能エネルギー利用設備・蓄エネ設備導入 B 熱利用設備導入 C 省エネルギー設備の導入 ■応募資格 ア 民間企業 イ 独立行政法人通則法（平成11年法律第103号）第２条第１項に規定する独立行政法人 ウ 地方独立行政法人法（平成15年法律第118号）第21条第３号チに規定される業務を行う地方独立行政法人 エ 国立大学法人、公立大学法人及び学校法人 オ 社会福祉法（昭和26年法律第45号）第22条に規定する社会福祉法人 カ 医療法（昭和23年法律第205号）第39条に規定する医療法人 キ 特別法の規定に基づき設立された協同組合等 ク 一般社団法人・一般財団法人及び公益社団法人・公益財団法人 ケ その他環境大臣の承認を経て協会が適当と認める者 ■補助上限額 公募要領
26,2026-10-22 17:00,【令和７年度補正予算・令和８年度】二酸化炭素排出抑制対策事業費等補助金（業務用建築物ストックの省CO2改修調査支援事業（令和７年度補正予算二次公募・令和８年度一次公募））,全国,1000000,漁業 / 建設業 / 製造業 / 電気・ガス・熱供給・水道業 / 情報通信業 / 複合サービス事業 / サービス業（他に分類されないもの） / 公務（他に分類されるものを除く） / 分類不能の産業 / 農業、林業 / 鉱業、採石業、砂利採取業 / 運輸業、郵便業 / 卸売業、小売業 / 金融業、保険業 / 不動産業、物品賃貸業 / 学術研究、専門・技術サービス業 / 宿泊業、飲食サービス業 / 生活関連サービス業、娯楽業 / 教育、学習支援業 / 医療、福祉,従業員数の制約なし,※詳細につきましては以下よりご確認ください。 https://siz-kankyou.com/2025hco2/stock2/ ■目的・概要 本事業は、地方公共団体 等が 所有する施設及び民間の業務用建築物を対象に、それらの改修工事について、快適な室内環境を確保しながら建物で消費する年間一次エネルギーの収支をゼロとすることを目指した建物の達成可能性・省CO2効果に関する事前調査を支援することにより、ZEB化の普及拡大を強力に推進することを目的とする。 ■補助額上限 100万円/施設 ※上述の施設単位は建築確認申請単位に準ずる。なお、複数施設の改修効果調査を検討している同一事業者においても、複数回の補助申請が可能であるが、施設毎に独立した申請が必要となる。また、同一事業者の累計補助上限額を500万円とする。 ■補助率 ２分の１ ■問合せ先 一般社団法人静岡県環境資源協会 省ＣＯ２促進事業支援センター （E-mail：zeb@siz-kankyou.or.jp）,目的・概要 本事業は、地方公共団体 等が 所有する施設及び民間の業務用建築物を対象に、それらの改修工事について、快適な室内環境を確保しながら建物で消費する年間一次エネルギーの収支をゼロとすることを目指した建物の達成可能性・省CO2効果に関する事前調査を支援することにより、ZEB化の普及拡大を強力に推進することを目的とする。 ■補助額上限 100万円/施設 ※上述の施設単位は建築確認申請単位に準ずる。なお、複数施設の改修効果調査を検討している同一事業者においても、複数回の補助申請が可能であるが、施設毎に独立した申請が必要となる。また、同一事業者の累計補助上限額を500万円とする。 ■補助率 ２分の１ ■問合せ先 一般社団法人静岡県環境資源協会 省ＣＯ２促進事業支援センター （E-mail：zeb@siz-kankyou.or.jp）
27,2026-10-31 00:00,令和７年度補正 業務産業用蓄電システム導入支援事業,全国,15000000,電気・ガス・熱供給・水道業,従業員数の制約なし,応募資格 （蓄電池アグリゲーター） 以下①～⑥の要件を全て満たす事業者を、蓄電池アグリゲーターとして、SIIは登録及び公表をする。 ①日本国内において事業活動を営んでいる法人であること。 ②補助事業者の事業を確実に遂行するために必要な経営基盤を有し、事業の継続性が認められる者であること。 ③需要家所有の蓄電システムの状態を監視し、遠隔制御・制御指示等することが可能な者であること。 本事業の実施及びその後の各種電力市場等への調整力等の供出に関して、法令、規程、エネルギー・リソース・アグリゲーション・ビジネスに関するサイバーセキュリティガイドライン（以下、「ERABサイバーセキュリティガイドライン」という） 、その他各種セキュリティガイドライン等に基づいた適切な対策等を実施できる者であること。 遠隔制御・制御指示等を実施するにあたり、蓄電システムとは別に新たにIoT化関連機器を設置する場合は、JC-STAR★1を取得したIoT化関連機器を通じて制御を行う者であること。 ⑤ 経済産業省から補助金等停止措置又は指名停止措置が講じられていない者であること。 ※その他、公的資金の交付先として社会通念上適切と認められない者からの申請は認めない。 ⑥その他、公募要領P.21に記載する蓄電池アグリゲーターの役割を全て責任をもって遂行できる者であること。 (小売電気事業者) 以下①～⑥の要件を全て満たす事業者を、小売電気事業者として、SIIは登録及び公表をする。 ①電気事業法第二条の二に基づき、経済産業大臣の登録を受けた法人であること。 ②補助事業者の事業を確実に遂行するために必要な経営基盤を有し、事業の継続性が認められる者であること。 ③本事業の目的に資するDRメニューを有し、需要家に提供可能であること。 ④本事業の実施及びその後の各種電力市場等への調整力等の供出に関して、法令、規程、ERABサイバーセキュリティガイドライン、その他各種セキュリティガイドライン等に基づいた適切な対策等を実施,補助対象事業者) 下記①～⑥の要件を全て満たす者を、補助対象事業者（以下「補助事業者」という。）とする。 ①日本国内において事業活動を営んでいる法人若しくは個人事業主又は日本国内に居住する個人であること。 ② 補助事業により導入する補助対象設備の所有者であること。 ※リース等により補助対象設備を導入する場合は、リース事業者と設備の使用者が共同で申請すること。通常のリース以外又はTPOモデル等での申請をする場合は事前にSIIに確認すること。 ※その他、補助対象設備を自社で活用する予定のない（特別目的会社へ譲渡を予定している等）事業者等は、事前にSIIに相談し指示を仰ぐこと。 ③ 補助事業を確実に遂行するために必要な経営基盤を有し、事業の継続性が認められる者であること。 ※特別目的会社（SPC）の場合は、主たる出資者や出資表明者等による、補助事業の履行に係る確約書の提出が必要。 ※事業期間中の当該SPCへの出資者の変更は認めない。ただし、投資事業有限責任組合契約に関する法律（平成１０年法律第９０号）に規定の有限責任組合員及び商法（明治３２年法律第４８号）に規定の匿名組合員による出資は除く。 ④以下の（１）、（２）のいずれかに該当する者であること。 （１）導入する蓄電システムを対象にDRを行うことについて、蓄電池アグリゲーターとDR契約※１ を締結する者であること。 （２）小売電気事業者が提供するDRメニュー※２に加入する者であること。 DR契約又はDRメニューへの加入は少なくとも20
28,2026-11-13 17:00,令和８年度_Scope3排出量削減のための企業間連携による省CO2設備投資促進事業,全国,1500000000,漁業 / 建設業 / 製造業 / 電気・ガス・熱供給・水道業 / 情報通信業 / 複合サービス事業 / サービス業（他に分類されないもの） / 公務（他に分類されるものを除く） / 分類不能の産業 / 農業、林業 / 鉱業、採石業、砂利採取業 / 運輸業、郵便業 / 卸売業、小売業 / 金融業、保険業 / 不動産業、物品賃貸業 / 学術研究、専門・技術サービス業 / 宿泊業、飲食サービス業 / 生活関連サービス業、娯楽業 / 教育、学習支援業 / 医療、福祉,従業員数の制約なし,応募資格 ア 補助事業の交付申請ができる者は以下のいずれかの者であること。 ①民間企業 ②独立行政法人通則法（平成１１年法律第１０３号）第２条第１項に規定する独立行政法人 ③地方独立行政法人法（平成十五年法律第１１８号）第２１条第３号チに規定される業務を行う地方独立行政法人 ④国立大学法人、公立大学法人及び学校法人 ⑤社会福祉法（昭和２６年法律第４５号）第２２条に規定する社会福祉法人 ⑥医療法（昭和２３年法律第２０５号）第３９条に規定する医療法人 ⑦特別法の規定に基づき設立された協同組合等 ⑧一般社団法人・一般財団法人及び公益社団法人・公益財団法人 ⑨その他環境大臣（以下「大臣」という。）の承認を得て協会が適当と認める者 ⑩地方公共団体（①から⑨のいずれかとの共同申請者であって、①から⑨のいずれかと建物を共同所有する場合に限る。） イ ア①の民間企業について、補助金の交付の対象となるのは、交付申請 者が 交付申請日までに、上記（１）ア表中「補助事業を実施（交付申請者）するための要件」に関する取組の実施について表明する場合に限る。 ■補助上限額 １５億円﻿（設備導入をする１事業者あたりの応募事業の後年度分も含めた総額） ■補助事業期間 事業期間：原則として３年以内 単年度事業は交付決定日から令和９年１月３１日までとする。 複数年度事業は交付決定日から最終年度の１月３１日までとする。 また、本公募で採択された場合は、原則として令和８年度中に本補助金の交付申請を行い、交付決定する必要があります。 ■問合せ先 一般社団法人地域循環共生社会連携協会 事業部 担当：安江 問合せ用メールアドレス： 08scope3@rcespa.jp ﻿ ■参考URL https://rcespa.jp/r08-scope3/r08-scope3-no1/r08-scope3-no1-briefing,目的・概要 （目的） 脱炭素経営の国際潮流を踏まえ、大企業では自社以外の取引先等におけるCO2排出量（Scope3）の削減の重要度が増していることから、バリューチェーンを構成する中小企業等と連携して、Scope3の排出量削減に資する省CO2設備投資を促進することで、バリューチェーン全体のCO2排出削減を強力に推進するとともに、産業競争力強化やGX市場創造を図ることを目的とします。 （概要） 代表企業がバリューチェーンを構成する連携企業と連携してScope3の排出量削減に資する省CO2設備投資（現在の設備に対して30％以上の省CO2効果が見込める設備の導入※１）を支援します（連携企業の設備・機器の更新は代表企業のScope3の削減に寄与する取組を必ず含むものとします。）。 Scope3排出量削減のための企業間連携による省CO2設備投資促進 から得られた情報は、環境省がCO2削減対策の把握や普及広報などにも活用していく予定です。また、採択者の事業概要、排出量および削減量等の情報を、原則として環境省が公表する予定です。 ■応募資格 ア 補助事業の交付申請ができる者は以下のいずれかの者であること。 ①民間企業 ②独立行政法人通則法（平成１１年法律第１０３号）第２条第１項に規定する独立行政法人 ③地方独立行政法人法（平成十五年法律第１１８号）第２１条第３号チに規定される業務を行う地方独立行政法人 ④国立大学法人、公立大学法人及び学校法人 ⑤社会福祉法（昭和２６年法律第４５号）第２２条に規定
29,2026-11-20 17:00,令和７年度（補正予算）地域脱炭素実現に向けた具体的施策実装支援事業（四次公募）,全国,0,漁業 / 建設業 / 製造業 / 電気・ガス・熱供給・水道業 / 情報通信業 / 複合サービス事業 / サービス業（他に分類されないもの） / 公務（他に分類されるものを除く） / 分類不能の産業 / 農業、林業 / 鉱業、採石業、砂利採取業 / 運輸業、郵便業 / 卸売業、小売業 / 金融業、保険業 / 不動産業、物品賃貸業 / 学術研究、専門・技術サービス業 / 宿泊業、飲食サービス業 / 生活関連サービス業、娯楽業 / 教育、学習支援業 / 医療、福祉,従業員数の制約なし,応募資格 第１号事業．民間事業者（地方公共団体と共同申請する場合に限る） 第２号事業． 地方公共団体（都道府県、市町村、特別区） ■補助上限額 公募要領を参照 ■補助事業期間 公募要領を参照 ■問合せ先 一般社団法人地域循環共生社会連携協会 事業部 問合せ用メールアドレス： jisso07@rcespa.jp ■参考URL https://rcespa.jp/r08-jisso/r08-jisso-no4,目的・概要 （目的） 「地球温暖化対策推進法」、「地球温暖化対策計画」及び「地域脱炭素ロードマップ」に基づき、2030年度46%削減目標の達成と2050年脱炭素社会の実現に貢献しつつ、地域課題を解決し、地域の魅力と質を向上させる地方創生に貢献する取組として実施することが求められています。 本事業では 、 公共施設等への太陽光発電設備等の導入計画策定支援事業、 再エネに係る促進区域等の設定に向けたゾーニング等に対する支援事業 等に関する支援を行います。 （概要） 令和７年度（補正予算）地域脱炭素実現に向けた具体的施策実装支援事業 第１号事業． 公共施設等への太陽光発電設備等の導入計画策定支援事業 第２号事業． 再エネに係る促進区域等の設定に向けたゾーニング等に対する支援事業 ■応募資格 第１号事業．民間事業者（地方公共団体と共同申請する場合に限る） 第２号事業． 地方公共団体（都道府県、市町村、特別区） ■補助上限額 公募要領を参照 ■補助事業期間 公募要領を参照 ■問合せ先 一般社団法人地域循環共生社会連携協会 事業部 問合せ用メールアドレス： jisso07@rcespa.jp ■参考URL https://rcespa.jp/r08-jisso/r08-jisso-no4
30,2026-11-20 17:00,令和８年度地域脱炭素実現に向けた具体的施策実装支援事業,全国,0,漁業 / 建設業 / 製造業 / 電気・ガス・熱供給・水道業 / 情報通信業 / 複合サービス事業 / サービス業（他に分類されないもの） / 公務（他に分類されるものを除く） / 分類不能の産業 / 農業、林業 / 鉱業、採石業、砂利採取業 / 運輸業、郵便業 / 卸売業、小売業 / 金融業、保険業 / 不動産業、物品賃貸業 / 学術研究、専門・技術サービス業 / 宿泊業、飲食サービス業 / 生活関連サービス業、娯楽業 / 教育、学習支援業 / 医療、福祉,従業員数の制約なし,応募資格 第１号事業．民間事業者（地方公共団体と共同申請する場合に限る） 第２号事業． 地方公共団体（都道府県、市町村、特別区） ■補助上限額 公募要領を参照 ■補助事業期間 公募要領を参照 ■問合せ先 一般社団法人地域循環共生社会連携協会 事業部 問合せ用メールアドレス： jisso07@rcespa.jp ■参考URL https://rcespa.jp/r08-jisso/r08-jisso-no5,目的・概要 （目的） 「地球温暖化対策推進法」、「地球温暖化対策計画」及び「地域脱炭素ロードマップ」に基づき、2030年度46%削減目標の達成と2050年脱炭素社会の実現に貢献しつつ、地域課題を解決し、地域の魅力と質を向上させる地方創生に貢献する取組として実施することが求められています。 本事業では 、 公共施設等への太陽光発電設備等の導入計画策定支援事業、 再エネに係る促進区域等の設定に向けたゾーニング等に対する支援事業 等に関する支援を行います。 （概要） 令和８年度地域脱炭素実現に向けた具体的施策実装支援事業 第１号事業． 公共施設等への太陽光発電設備等の導入計画策定支援事業 第２号事業．陸上風力発電 に係る促進区域等の設定に向けたゾーニング等に対する支援事業 ■応募資格 第１号事業．民間事業者（地方公共団体と共同申請する場合に限る） 第２号事業． 地方公共団体（都道府県、市町村、特別区） ■補助上限額 公募要領を参照 ■補助事業期間 公募要領を参照 ■問合せ先 一般社団法人地域循環共生社会連携協会 事業部 問合せ用メールアドレス： jisso07@rcespa.jp ■参考URL https://rcespa.jp/r08-jisso/r08-jisso-no5
31,2026-11-27 18:00,令和８年度　産業車両等の脱炭素化促進事業のうち、フォークリフトの燃料電池化促進事業（二酸化炭素排出抑制対策事業費等補助金）,全国,5500000,漁業 / 建設業 / 製造業 / 電気・ガス・熱供給・水道業 / 複合サービス事業 / サービス業（他に分類されないもの） / 公務（他に分類されるものを除く） / 農業、林業 / 鉱業、採石業、砂利採取業 / 運輸業、郵便業 / 卸売業、小売業 / 金融業、保険業 / 医療、福祉,従業員数の制約なし,応募資格 ①民間企業（リース・レンタル事業者を含む） ②地方公共団体 ③独立行政法人通則法（平成１１年法律第１０３号）第２条第１項に規定する独立行政法人 ④一般社団法人・一般財団法人及び公益社団法人・公益財団法人 ⑤ 法律により直接設立された法人 ⑥その他環境大臣の承認を得て財団が認める者 ■申請時の依頼事項 ＊＊＊＊＊＊＊＊＊＊＊＊＊＊＊＊＊＊＊＊＊＊＊＊＊＊＊＊＊＊＊＊ 申請後は担当者様のメールアドレス確認のため、応募アドレス＜fork_oubo@heco-hojo.jp＞まで 【申請済みである旨】を記載した電子メールを送付いただきますようお願いいたします。 ＊＊＊＊＊＊＊＊＊＊＊＊＊＊＊＊＊＊＊＊＊＊＊＊＊＊＊＊＊＊＊＊＊＊＊＊＊＊＊＊＊ ■問合せ先 fork_ask＠heco-hojo.jp ■参照URL 公益財団法人北海道環境財団（環境省補助金専用サイト）,目的・概要 燃料電池フォークリフトを導入する経費の一部を補助することにより、環境優位性の高い燃料電池フォークリフトの導入推進を図り、もってエネルギー起源二酸化炭素の排出抑制に資することを目的としています。 ■応募資格 ①民間企業（リース・レンタル事業者を含む） ②地方公共団体 ③独立行政法人通則法（平成１１年法律第１０３号）第２条第１項に規定する独立行政法人 ④一般社団法人・一般財団法人及び公益社団法人・公益財団法人 ⑤ 法律により直接設立された法人 ⑥その他環境大臣の承認を得て財団が認める者 ■申請時の依頼事項 ＊＊＊＊＊＊＊＊＊＊＊＊＊＊＊＊＊＊＊＊＊＊＊＊＊＊＊＊＊＊＊＊ 申請後は担当者様のメールアドレス確認のため、応募アドレス＜fork_oubo@heco-hojo.jp＞まで 【申請済みである旨】を記載した電子メールを送付いただきますようお願いいたします。 ＊＊＊＊＊＊＊＊＊＊＊＊＊＊＊＊＊＊＊＊＊＊＊＊＊＊＊＊＊＊＊＊＊＊＊＊＊＊＊＊＊ ■問合せ先 fork_ask＠heco-hojo.jp ■参照URL 公益財団法人北海道環境財団（環境省補助金専用サイト）
32,2026-11-30 17:30,令和8年度　資源循環分野の脱炭素化促進事業,全国,44000000,漁業 / 建設業 / 製造業 / 電気・ガス・熱供給・水道業 / 情報通信業 / 複合サービス事業 / サービス業（他に分類されないもの） / 公務（他に分類されるものを除く） / 分類不能の産業 / 農業、林業 / 鉱業、採石業、砂利採取業 / 運輸業、郵便業 / 卸売業、小売業 / 金融業、保険業 / 不動産業、物品賃貸業 / 学術研究、専門・技術サービス業 / 宿泊業、飲食サービス業 / 生活関連サービス業、娯楽業 / 教育、学習支援業 / 医療、福祉,従業員数の制約なし,応募資格 次のア）又はイ）に該当する事業であって、数年以内に事業開始を計画しているもの。 ア） 海外において実施される廃棄物等の収集・運搬事業、中間処理事業、リサイクル事業、最終処分事業（直接エネルギー起源CO2が削減されるものに限る。） イ） 海外において、アの事業を実施する行政や事業者からの委託を受け、これに必要な施設を 建設する事業（直接エネルギー起源CO2が削減されるものに限る。） ■地理条件 事業対象国及び地域は、ア）JCMパートナー国、イ）AZECパートナー国を優先とし、ウ）に該当する国及び地域は劣後とします。 ア）JCMパートナー国：2025年8月時点で31か国。詳細は下記リンクを参照。 https://gec.jp/jcm/jp/about/ イ）AZECパートナー国：11カ国（豪州、ブルネイ、カンボジア、インドネシア、日本、ラオス、マレーシア、フィリピン、シンガポール、タイ、ベトナム）。詳細は下記リンクを参照。 https://www.meti.go.jp/policy/energy_environment/global_warming/azec.html ウ）環境協力全般又は廃棄物分野の協力覚書の締結国又は地域及び二国間協力実施国 アラブ首長国連邦、インド、インドネシア、ウクライナ、ウズベキスタン、カンボジア、クウェート、シンガポール、タイ、ベトナム、フィリピン、マレーシア、モザンビーク、モンゴル、ブラジル、ウズベキスタン、カザフスタン、オマーン、バングラデシュ、バヌアツ、台湾、ラオス ■事業者の要件 事業者は、以下の①～③の要件をすべて満たす者とします。 ① 次のア）又はイ）に該当する民間法人であること。 ア） 我が国に本社又は主たる事務所を置いている法人であって、海外に本社又は主たる事務所を置いている法人の子会社でない法人 イ） 上記①ア）の法人の子会社であって、海外に本社又は主たる事務所を置いている法人 ② 次のア）又はイ）に該当すること。 ア）,目的・概要 経済成長や人口増加に伴い、世界規模で廃棄物の発生量が増加し、その質も多様化していることから、適正な廃棄物処理が世界的な課題になっています。この傾向は、経済成長が著しいアジアをはじめとした途上国で顕著であり、廃棄物の急増・多様化に加え、廃棄物処理体制も未整備・未成熟であることから、廃棄物の不適正な処理に伴う環境汚染が懸念されています。例えば、新興国においては、経済発展や都市の発展の一方で、廃家電等の実効的なリサイクル制度が運用されておらず、野焼き等による環境汚染、健康被害、資源損失が発生しています。 一方、我が国は、これまで廃棄物処理やリサイクルに係る社会的要請に応じるため、廃棄物処理・リサイクルに関する技術を向上させてきました。その結果、我が国の廃棄物処理・リサイクル関連産業は環境保全・資源循環において先進的な技術を有しています。この事業は、エネルギー起源CO2の排出削減に資する廃棄物処理・リサイクル関係事業の国際展開を促進し、もって地球環境保全に資することを目的にしています。 ■応募資格 次のア）又はイ）に該当する事業であって、数年以内に事業開始を計画しているもの。 ア） 海外において実施される廃棄物等の収集・運搬事業、中間処理事業、リサイクル事業、最終処分事業（直接エネルギー起源CO2が削減されるものに限る。） イ） 海外において、アの事業を実施する行政や事業者からの委託を受け、これに必要な施設を 建設する事業（直接エネルギー起源CO2が削減されるものに限る。）
33,2026-11-30 23:59,令和８年度 脱炭素成長型経済構造移行推進対策費補助金 （業務用建築物の脱炭素改修加速化事業）,全国,1000000000,漁業 / 建設業 / 製造業 / 電気・ガス・熱供給・水道業 / 情報通信業 / 複合サービス事業 / サービス業（他に分類されないもの） / 公務（他に分類されるものを除く） / 分類不能の産業 / 農業、林業 / 鉱業、採石業、砂利採取業 / 運輸業、郵便業 / 卸売業、小売業 / 金融業、保険業 / 不動産業、物品賃貸業 / 学術研究、専門・技術サービス業 / 宿泊業、飲食サービス業 / 生活関連サービス業、娯楽業 / 教育、学習支援業 / 医療、福祉,従業員数の制約なし,■目的・概要 我が国は２０２０年１０月に、「２０５０年までに温室効果ガスの排出を全体としてゼロにする、すなわち２０５０年カーボンニュートラル、脱炭素社会の実現を目指す」ことを宣言した。また、２０２１年５月には地球温暖化対策推進法の一部を改正する法律が成立し、２０５０年までのカーボンニュートラルの実現が基本理念として規定された。カーボンニュートラルを実現するためには、業務部門（事務所ビル、商業施設等の建物）のCO2削減が重要である。業務部門からのCO2排出量は、２０２３年度時点で我が国全体の約２割を占めている。また、１９９０年度以降の経済成長（実質GDPが３４％増加）に対して、産業部門からのCO2排出量は３３％減少したにもかかわらず、業務部門からのCO2排出量は２６％増と大幅に増加している。このように、業務部門は他部門に比べ増加が顕著であることから、徹底的な省エネルギーの推進と再生可能エネルギーの活用によるCO2削減が我が国にとって喫緊の課題となっている。 本事業では建築主等が計画した脱炭素化の取組のうち、既存建築物の外皮の高断熱化、高効率設備の導入により、ZEB基準の水準の省エネ性能を実現する事業に要する経費の一部を補助する事業を実施し、業務部門の脱炭素化を推進していくことを目的とする。 ■補助対象事業 国内の既存業務用建築物において、ＺＥＢ基準の水準の達成に必要な断熱窓・断熱材や高効率設備等を導入し、改修後に以下の要件を全て満たす事業を対象とする。 ■補助対象事業者 公募要領P.１２～１３の①～⑪の要件を全て満たす事業者を、補助対象事業者とする。 ■問合せ先 一般社団法人 環境共創イニシアチブ（ＳＩＩ） 脱炭素ビルリノベ事業事務局 TEL：０１２０-１０２-９１２ 電話受付時間 10:00~12:00、13:00~17:00（土日祝除く） ※お電話での問い合わせの際は、対象の事業名をお伝えください。 Mail： bl-renos@sii.or.jp ※メールでのお問い合,補助対象事業 国内の既存業務用建築物において、ＺＥＢ基準の水準の達成に必要な断熱窓・断熱材や高効率設備等を導入し、改修後に以下の要件を全て満たす事業を対象とする。 ■補助対象事業者 公募要領P.１２～１３の①～⑪の要件を全て満たす事業者を、補助対象事業者とする。 ■問合せ先 一般社団法人 環境共創イニシアチブ（ＳＩＩ） 脱炭素ビルリノベ事業事務局 TEL：０１２０-１０２-９１２ 電話受付時間 10:00~12:00、13:00~17:00（土日祝除く） ※お電話での問い合わせの際は、対象の事業名をお伝えください。 Mail： bl-renos@sii.or.jp ※メールでのお問い合わせの際は、件名に必ず【質問】とつけてお送りください。 ※3営業日以内に担当者よりメールまたは電話にてご連絡いたします。 ■参照URL https://bl-renos.jp/r8/
34,2026-11-30 23:59,令和８年度多様な体験型観光推進事業補助金,東京都,2000000,生活関連サービス業、娯楽業,従業員数の制約なし,補助対象者 事業の補助対象者は、都内の美容体験型観光提供事業者とします。 ■補助対象経費 外国人旅行者の誘客・滞在、消費拡大を目的とし、東京の美容を観光コンテンツとして活用するための取組に必要な、外国人旅行者受入のための新たなサービス・コンテンツ経費 （機器・備品購入費、制作費、印刷製本費、翻訳費、委託費、施設整備費、改修・電気工事費、施工管理委託経費、立ち合い検査・点検費等） ■補助額 補助対象経費の３分の２又は補助限度額200万円のいずれか低い額とします。 ※消費税及び地方消費税やその他租税公課相当額については、補助対象経費から除きます。 ※他の補助金又は助成金と併用して交付を受けることはできません。 ■補助対象期間 交付決定の日から令和９年３月３１日まで ■募集期間 令和８年１１月３０日（月） ※募集の詳細については、募集要領をご覧ください。 ※締切日時点で書類に不備・不足があると受付できません。余裕をもってご申請ください。 ※交付決定には、不備のない書類が揃ってから３週間程度かかります。 事業実施に必要な期間を確認し、審査期間も考慮のうえご申請ください。 ■問合せ先 産業労働局観光部受入環境課（代表） 電話：03-5320-4802 ■参照URL https://www.sangyo-rodo.metro.tokyo.lg.jp/tourism/kakusyu/beauty/,目的・概要 このたび、美容体験型観光提供事業者が、東京の美容室等の高い技術を、外国人旅行者に向けた観光コンテンツとして活用する取組に対し、経費の一部を補助する「多様な体験型観光推進事業補助金」の今年度募集を開始いたしましたので、お知らせいたします。 ■補助対象者 事業の補助対象者は、都内の美容体験型観光提供事業者とします。 ■補助対象経費 外国人旅行者の誘客・滞在、消費拡大を目的とし、東京の美容を観光コンテンツとして活用するための取組に必要な、外国人旅行者受入のための新たなサービス・コンテンツ経費 （機器・備品購入費、制作費、印刷製本費、翻訳費、委託費、施設整備費、改修・電気工事費、施工管理委託経費、立ち合い検査・点検費等） ■補助額 補助対象経費の３分の２又は補助限度額200万円のいずれか低い額とします。 ※消費税及び地方消費税やその他租税公課相当額については、補助対象経費から除きます。 ※他の補助金又は助成金と併用して交付を受けることはできません。 ■補助対象期間 交付決定の日から令和９年３月３１日まで ■募集期間 令和８年１１月３０日（月） ※募集の詳細については、募集要領をご覧ください。 ※締切日時点で書類に不備・不足があると受付できません。余裕をもってご申請ください。 ※交付決定には、不備のない書類が揃ってから３週間程度かかります。 事業実施に必要な期間を確認し、審査期間も考慮のうえご申請ください。 ■問合せ先 産業労働局観光部受入環境課（代表） 電話：03-5320-
35,2026-12-01 17:00,令和８年度海外商標対策支援助成事業,東京都,5000000,漁業 / 建設業 / 製造業 / 電気・ガス・熱供給・水道業 / 情報通信業 / 複合サービス事業 / サービス業（他に分類されないもの） / 分類不能の産業 / 農業、林業 / 鉱業、採石業、砂利採取業 / 運輸業、郵便業 / 卸売業、小売業 / 金融業、保険業 / 不動産業、物品賃貸業 / 学術研究、専門・技術サービス業 / 宿泊業、飲食サービス業 / 生活関連サービス業、娯楽業 / 教育、学習支援業 / 医療、福祉,300名以下,申込資格 東京都内の中小企業者（会社及び個人事業者）、中小企業団体、一般社団・財団法人（1年度1社1案件に限る） ※助成事業申請日以前に、助成事業申請内容に関する知財相談を受けていること ■助成内容 〇助成対象期間 令和8年4月1日から令和10年12月31日まで（2年9か月） 〇助成率 1/2以内 〇 助成限度額 500万円 〇 助成対象経費 ・情報収集関連費用 ・ 情報提供関連費用 ・異議申立、不使用取消審判、無効審判関連費用 ・行政訴訟関連費用 ■申請受付期間 随時（最終受付期限：令和8年12月1日（火）17時まで） ■受付方法 本助成金の申請には、 jGrantsでの交付申請 と 申請書類の提出 の両方の手続きが必要です。 ※両 方の手続 きを申請受付期間内に完了できない場合、申請を正式に受理することができませんのでご注意ください。 ■問合せ先 東京都知的財産総合センター 東京都台東区台東1-3-5 反町商事ビル1階 TEL：03-3832-3656 E-mail：chizai-josei@tokyo-kosha.or.jp ■参照URL https://www.tokyo-kosha.or.jp/chizai/josei/syouhyoutaisaku/,目的・概要 本助成金は、自社ブランドによる海外販路拡大を目指すに当たり、進出予定国において出願され権利化された第三者の有する商標又はその類似商標（以下「類似商標等」という。）がビジネスの障害になっている東京都内の中小企業者等に対して、当該障害となっている商標の取消や無効化に要する行政手続き及びそれに関する行政訴訟（民事訴訟は含まれない）の経費、これらの手続に伴う示談、和解、損害賠償等に関する弁護士・弁理士経費（ 示談、和解、損害賠償自体の金銭は含まれない ）及びこれらの遂行に必要な調査のための経費の一部を助成し、取消や無効化に関する戦略の策定、体制の構築、進捗状況に応じた対策を継続的かつ強力に支援することによって、中小企業者等の自社ブランドによる国際展開を後押しし、東京の産業を牽引する企業を創出することを目的とします。 ■申込資格 東京都内の中小企業者（会社及び個人事業者）、中小企業団体、一般社団・財団法人（1年度1社1案件に限る） ※助成事業申請日以前に、助成事業申請内容に関する知財相談を受けていること ■助成内容 〇助成対象期間 令和8年4月1日から令和10年12月31日まで（2年9か月） 〇助成率 1/2以内 〇 助成限度額 500万円 〇 助成対象経費 ・情報収集関連費用 ・ 情報提供関連費用 ・異議申立、不使用取消審判、無効審判関連費用 ・行政訴訟関連費用 ■申請受付期間 随時（最終受付期限：令和8年12月1日（火）17時まで） ■受付方法 本助成金の申請には、 jGr
36,2026-12-03 12:00,令和８年度ゼロエミッション船等の導入支援事業,全国,0,運輸業、郵便業,従業員数の制約なし,■目的・概要 水素、アンモニア、メタノール及び電力（バッテリー）を推進エネルギー源とする船舶（以下「ゼロエミッション船等」という。）に必要な装置（エンジン、燃料タンク、燃料供給システム等（以下「関連舶用機器等」という。）等の導入に係る事業（以下「間接補助事業」という。）に補助金を交付することにより、市場導入促進を通じて我が国海運業におけるCO2の排出削減及び世界に先駆けたゼロエミッション船等の需要創出を進めるとともに産業競争力強化・経済成長を図ることを目的とする。 ■予算額 151億円（初年度：12億円） ■補助率 水素、アンモニア、電気（ハイブリッドを除く）を推進エネルギー源とする船舶に必要な装置の導入等に係る事業 1/2以内、 メタノール、電気（ハイブリッドに限る）を推進エネルギー源とする船舶に必要な装置の導入に係る事業 1/3以内 ゼロエミッション船等の建造において、GX推進のためのグリーン鉄を船体構造等に導入する事業 定額（GX推進のためのグリーン鉄の使用量（t）に6万円を乗じた額に補助率（1/2。ただしGX推進のためのグリーン鉄に係るGX率先実行宣言を行った者は2/3）を乗じて得た額。） ■地理条件 全国の事業者が対象 ■事業期間 令和8年8月24日 〜 令和13年1月31日 ■間接補助事業 ゼロエミッション船等の建造において、GXの推進のため、(i)関連舶用機器等を導入する事業、又は、(ii)グリーン鉄を船体構造等に導入（ただし、上記(i)の事業と同時に実施する場合に限る。）する事業。 なお、ゼロエミッション船等の建造において、水素、アンモニア、メタノール及び電力（バッテリー）を推進エネルギー源とさせるために必要となる関連舶用機器等を新規導入に係る事業であること。 ■応募受付期間 令和８年８月２４日（月）～令和８年１２月３日（木）正午まで ※上記期間にjGrantsより、申請を実施し、完了させること。 ■応募方法 応募に際しては、以下の手順に従って、執拗な申請,目的・概要 水素、アンモニア、メタノール及び電力（バッテリー）を推進エネルギー源とする船舶（以下「ゼロエミッション船等」という。）に必要な装置（エンジン、燃料タンク、燃料供給システム等（以下「関連舶用機器等」という。）等の導入に係る事業（以下「間接補助事業」という。）に補助金を交付することにより、市場導入促進を通じて我が国海運業におけるCO2の排出削減及び世界に先駆けたゼロエミッション船等の需要創出を進めるとともに産業競争力強化・経済成長を図ることを目的とする。 ■予算額 151億円（初年度：12億円） ■補助率 水素、アンモニア、電気（ハイブリッドを除く）を推進エネルギー源とする船舶に必要な装置の導入等に係る事業 1/2以内、 メタノール、電気（ハイブリッドに限る）を推進エネルギー源とする船舶に必要な装置の導入に係る事業 1/3以内 ゼロエミッション船等の建造において、GX推進のためのグリーン鉄を船体構造等に導入する事業 定額（GX推進のためのグリーン鉄の使用量（t）に6万円を乗じた額に補助率（1/2。ただしGX推進のためのグリーン鉄に係るGX率先実行宣言を行った者は2/3）を乗じて得た額。） ■地理条件 全国の事業者が対象 ■事業期間 令和8年8月24日 〜 令和13年1月31日 ■間接補助事業 ゼロエミッション船等の建造において、GXの推進のため、(i)関連舶用機器等を導入する事業、又は、(ii)グリーン鉄を船体構造等に導入（ただし、上記(i)の事業と同時に実施する場合に限
37,2026-12-17 17:00,中小企業人材確保のための奨学金返還支援事業【令和８年度企業登録】,東京都,0,建設業 / 製造業 / 情報通信業,従業員数の制約なし,対象企業（以下の要件をすべて満たすこと） １．以下のいずれかに該当すること。 ア. 本社又は主たる事業所が東京都内にある中小企業等 イ. 大学生等を東京都内の事業所等で勤務させることを条件に採用する中小企業等 ２．以下の業種（日本標準産業分類）で事業を営み、「02研究・技術の職業」（厚生労働省編職業分類）で大学生等の採用を希望していること。 業種（日本標準産業分類） 【建設】 D.建設業 L.学術研究、専門・技術サービス業の 74.技術サービス業（他に分類されないもの）のうち 7421.建築設計業または7422.測量業 【IT】 G.情報通信業のうち 39.情報サービス業または40.インターネット付随サービス業 【ものづくり】 E.製造業 職種（厚生労働省編職業分類） 02.研究・技術の職業 ■登録者【奨学金の貸与を受けている大学生等】（以下の要件をすべて満たすこと） １．次のアからウまでのいずれかに該当し、登録企業に正規雇用労働者として就職を希望している者 ア．大学（短大除く）、大学院、大学校（４年制大学相当以上に限る）若しくは高等専門学校（専攻科）（学士以上の学位を授与する教育機関）を令和９年３月３１日までに卒業又は修了予定の者 イ．登録申込日時点で大学等を卒業、かつ満３５歳未満の者 ウ．登録申込日時点で大学等を卒業又は修了後３年以内の者 ２．次のア又はイのいずれかの奨学金の貸与を受けている者 ア．独立行政法人日本学生支援機構の第一種奨学金又は第二種奨学金 イ．代理返還制度を実施している公的機関実施の貸与型奨学金で財団理事長が認めるもの ３．他の制度による奨学金の返還免除等を受けていない者 ■企業負担金額 次のアからウまでのうち、希望する企業負担金額を登録申込時に選択してください。 アからウまでに追加して、大学院卒を採用する場合のみに適用可能なエを追加で選択することも可能です。 企業が支出した額と同額を（公財）東京しごと財団が負担します。なお、選択した企業負担金額につ,目的・概要 将来、企業の中核を担う若手人材の技術者採用を希望している都内中小企業等に、奨学金の貸与を受けている大学生等が就職して１年間継続して在籍した場合、東京都と中小企業等がそれぞれ出えん金を負担し、（公財）東京しごと財団が奨学金返還費用の一部を奨学金貸与団体に直接支払う方法によって助成することにより、中小企業等における技術者の人材の確保と定着を支援することを目的としています。 ﻿ ■根拠法令 ・中小企業人材確保のための奨学金返還支援事業登録企業募集要項 ■対象企業（以下の要件をすべて満たすこと） １．以下のいずれかに該当すること。 ア. 本社又は主たる事業所が東京都内にある中小企業等 イ. 大学生等を東京都内の事業所等で勤務させることを条件に採用する中小企業等 ２．以下の業種（日本標準産業分類）で事業を営み、「02研究・技術の職業」（厚生労働省編職業分類）で大学生等の採用を希望していること。 業種（日本標準産業分類） 【建設】 D.建設業 L.学術研究、専門・技術サービス業の 74.技術サービス業（他に分類されないもの）のうち 7421.建築設計業または7422.測量業 【IT】 G.情報通信業のうち 39.情報サービス業または40.インターネット付随サービス業 【ものづくり】 E.製造業 職種（厚生労働省編職業分類） 02.研究・技術の職業 ■登録者【奨学金の貸与を受けている大学生等】（以下の要件をすべて満たすこと） １．次のアからウまでのいずれかに該当し、登録企業に正規雇
38,2026-12-25 23:59,令和８年度　観光産業の活性化促進事業補助金,東京都,25000000,サービス業（他に分類されないもの） / 分類不能の産業 / 宿泊業、飲食サービス業,従業員数の制約なし,応募資格 観光関連業界団体 都内に営業施設を有する観光関連事業者のグループ （グループは２者以上から成り、中小企業の観光関連事業者が２分の１以上を占めていることを要します。） ※詳細は「募集要領」をご参照ください。 ※ 「補助対象情報」の「補助対象者/応募資格 - 従業員数」及び「業種」については、「募集要領」をご参照ください。 ■地理条件 東京都内 ■備考 URL (https://www.sangyo-rodo.metro.tokyo.lg.jp/tourism/kakusyu/gyoukai/index.html) も合わせご確認ください。 ■問合せ先 東京都 産業労働局 観光部 受入環境課 事業調整担当 電話：０３－５３２０－４８０２（課代表） 問合せ時間 ９：００～１７：３０ （※１２：００～１３：００を除く） 土日祝日、年末年始を除く,目的・概要 本事業は、観光産業の活性化を促進するため、観光関連業界団体等が行う生産性向上・新サービス開発、情報発信等の取組を支援することを目的とします。 ■応募資格 観光関連業界団体 都内に営業施設を有する観光関連事業者のグループ （グループは２者以上から成り、中小企業の観光関連事業者が２分の１以上を占めていることを要します。） ※詳細は「募集要領」をご参照ください。 ※ 「補助対象情報」の「補助対象者/応募資格 - 従業員数」及び「業種」については、「募集要領」をご参照ください。 ■地理条件 東京都内 ■備考 URL (https://www.sangyo-rodo.metro.tokyo.lg.jp/tourism/kakusyu/gyoukai/index.html) も合わせご確認ください。 ■問合せ先 東京都 産業労働局 観光部 受入環境課 事業調整担当 電話：０３－５３２０－４８０２（課代表） 問合せ時間 ９：００～１７：３０ （※１２：００～１３：００を除く） 土日祝日、年末年始を除く
39,2026-12-25 23:59,令和８度誰もが楽しめる自然体験型観光推進事業補助金,東京都,5000000,生活関連サービス業、娯楽業,従業員数の制約なし,補助対象者 以下の条件をすべて満たす東京都内の自然体験型観光提供事業者又は、必要時に自然体験型観光提供事業者に必要備品等の貸出しを無償で行う都内の観光協会等 （１）自然体験型観光のプログラムについて、今後都内で企画、造成又は運営等を行う意思を有するもの （２）自然体験型観光プログラムを提供するために必要な知識や技術を有するもの ■補助対象経費 誰もが楽しめる自然体験型観光の実施に必要な備品導入経費のうち、次のいずれかに要する経費 （１）障害者等向け備品等の購入費 （２）所有している備品等を障害者等向けに改造する費用 ■補助額 補助対象経費の５分の４又は補助限度額200万円（備品購入の場合）若しくは500万円（施設整備を伴う場合）のいずれか低い額 ■補助対象期間 交付決定の日から令和９年３月３１日までに事業が終了 ■募集期間 令和８年１２月２５日（金） ※募集の詳細については、募集要領をご覧ください。 ※締切日時点で書類に不備・不足があると受付できません。余裕をもってご申請ください。 ※申請後、都での審査により、補助事業者を決定いたします。 ※交付決定には、不備のない書類が揃ってから３週間程度かかります。 事業実施に必要な期間を確認し、審査期間も考慮のうえご申請ください。 ■問合せ先 産業労働局観光部受入環境課（代表） 電話：03-5320-4802 ■参照URL https://www.sangyo-rodo.metro.tokyo.lg.jp/tourism/kakusyu/nature/,目的・概要 東京都では、国内外から多様な旅行者を迎えるに当たり、障害者等が安心して都内観光を楽しめる、アクセシブル・ツーリズムの充実に向けた取組を推進しています。 このたび、障害者等が東京の豊かな自然を楽しめる体験型観光を推進するため、都内自然体験型観光提供事業者に対して、障害者向け備品等の購入経費の一部を補助する「誰もが楽しめる自然体験型観光推進事業補助金」の募集を開始しましたのでお知らせいたします。 ■補助対象者 以下の条件をすべて満たす東京都内の自然体験型観光提供事業者又は、必要時に自然体験型観光提供事業者に必要備品等の貸出しを無償で行う都内の観光協会等 （１）自然体験型観光のプログラムについて、今後都内で企画、造成又は運営等を行う意思を有するもの （２）自然体験型観光プログラムを提供するために必要な知識や技術を有するもの ■補助対象経費 誰もが楽しめる自然体験型観光の実施に必要な備品導入経費のうち、次のいずれかに要する経費 （１）障害者等向け備品等の購入費 （２）所有している備品等を障害者等向けに改造する費用 ■補助額 補助対象経費の５分の４又は補助限度額200万円（備品購入の場合）若しくは500万円（施設整備を伴う場合）のいずれか低い額 ■補助対象期間 交付決定の日から令和９年３月３１日までに事業が終了 ■募集期間 令和８年１２月２５日（金） ※募集の詳細については、募集要領をご覧ください。 ※締切日時点で書類に不備・不足があると受付できません。余裕をもってご申請くださ
40,2027-01-29 17:00,ゼロエミッション実現に向けた経営推進支援事業 助成金,東京都,15000000,漁業 / 建設業 / 製造業 / 電気・ガス・熱供給・水道業 / 情報通信業 / 複合サービス事業 / サービス業（他に分類されないもの） / 公務（他に分類されるものを除く） / 分類不能の産業 / 農業、林業 / 鉱業、採石業、砂利採取業 / 運輸業、郵便業 / 卸売業、小売業 / 金融業、保険業 / 不動産業、物品賃貸業 / 学術研究、専門・技術サービス業 / 宿泊業、飲食サービス業 / 生活関連サービス業、娯楽業 / 教育、学習支援業 / 医療、福祉,900名以下,応募資格 公益財団法人東京都中小企業振興公社が実施する「ゼロエミッション実現に向けた経営推進支援事業」の ハンズオン支援により、脱炭素の戦略・ロードマップを策定した 事業者 ■助成対象期間 交付決定日から１年６か月以内、又はハンズオン支援期間終了日までのいずれか早い方 ■問合せ先 ゼロエミ助成金事務局 受付時間：9：00～17：00 (土・日・祝除く) TEL：0570-011-030 Mail：jimukyoku@zeroemi-joseikin.jp ■参照URL https://www.tokyo-kosha.or.jp/support/shien/zeroemi/projects/josei.html,目的・概要 ゼロエミッション実現に向けた経営推進支援事業のハンズオン支援採択事業者に対し、 固定費削減に資する設備等の導入や自社の脱炭素の取り組みのPR 費用の一部を助成することにより、都内中小企業の持続的な成長を図ることを目的としています。 ■応募資格 公益財団法人東京都中小企業振興公社が実施する「ゼロエミッション実現に向けた経営推進支援事業」の ハンズオン支援により、脱炭素の戦略・ロードマップを策定した 事業者 ■助成対象期間 交付決定日から１年６か月以内、又はハンズオン支援期間終了日までのいずれか早い方 ■問合せ先 ゼロエミ助成金事務局 受付時間：9：00～17：00 (土・日・祝除く) TEL：0570-011-030 Mail：jimukyoku@zeroemi-joseikin.jp ■参照URL https://www.tokyo-kosha.or.jp/support/shien/zeroemi/projects/josei.html
41,2027-01-29 23:59,デジタル証券（セキュリティトークン）市場拡大促進事業補助金,東京都,7500000,分類不能の産業 / 金融業、保険業,従業員数の制約なし,応募資格（一部抜粋） （１）セキュリティトークンを発行する事業者であって、発行にあたり金融商品取引業や不動産特定共同事業法等の免許・許可・登録等が必要な場合においては、当該免許・許可を受け又は登録等を行っている者。 （２）東京都内に登記簿上の本店又は支店があること。 （３）補助対象事業について、同一年度内に国や他自治体（東京都の他部署を含む）からの委託や助成を受けていないこと。 ■補助対象経費 （１）プラットフォーム利用料 （２）専門家等への相談経費 （３）システム開発経費 ■交付申請受付期間 本事業では以下の期間募集を行う。 令和８年４月10日（金）～令和９年１月29日（金） ■問合せ先 東京都産業労働局 総務部 国際金融都市推進課 国際金融都市推進担当 電話：03-5320-6274 ■参照URL https://www.sangyo-rodo.metro.tokyo.lg.jp/gfct/initiatives/nurturing-players/fintech/security-token,補助対象事業 本補助金の交付対象となる事業は、金融商品取引法や不動産特定共同事業法等の規定を順守した上で、発行体及び投資家に対して高い付加価値を創出するためにセキュリティトークンの発行を行う取組であって、原則として、令和９年３月31日までに払込金額等の払込みが完了するものをいう。 ■根拠法令 ・東京都補助金等交付規則（昭和37年東京都規則第141号） ・東京都補助金等交付規則の施行について（昭和37年12月11日付財主調発第20号） ・ デジタル証券（セキュリティトークン）市場拡大促進事業補助金交付要綱（令和８年４月１日付７産労総国第1555号） ■応募資格（一部抜粋） （１）セキュリティトークンを発行する事業者であって、発行にあたり金融商品取引業や不動産特定共同事業法等の免許・許可・登録等が必要な場合においては、当該免許・許可を受け又は登録等を行っている者。 （２）東京都内に登記簿上の本店又は支店があること。 （３）補助対象事業について、同一年度内に国や他自治体（東京都の他部署を含む）からの委託や助成を受けていないこと。 ■補助対象経費 （１）プラットフォーム利用料 （２）専門家等への相談経費 （３）システム開発経費 ■交付申請受付期間 本事業では以下の期間募集を行う。 令和８年４月10日（金）～令和９年１月29日（金） ■問合せ先 東京都産業労働局 総務部 国際金融都市推進課 国際金融都市推進担当 電話：03-5320-6274 ■参照URL https://www.sang
42,2027-03-31 17:00,令和8年度省エネ型VOC排出削減設備導入促進事業,東京都,20000000,サービス業（他に分類されないもの） / 分類不能の産業,300名以下,応募資格 東京都内で次のいずれかの作業工程においてVOCを取扱う中小企業者等 （ア）工場内塗装（工業塗装及び自動車板金塗装に限る。） （イ）印刷 （ウ）ドライクリーニング ■問合せ先 技術支援部 省エネ型VOC排出削減設備導入促進事業 ヘルプデスク TEL：03₋3633-2282（受付時間 平日9:00～12:00 13:00～17:00） E-mail：kaizen-voc@tokyokankyo.jp ■参照URL https://www.tokyokankyo.jp/apply/voc/,目的・概要 石油製品の値上がりへの対応として脱炭素の取組を強化するとともに、大気環境の更なる改善のため、光化学スモッグの原因のひとつであり石油系原材料の削減等に寄与できるＶＯＣ（揮発性有機化合物）対策設備やＶＯＣ削減装置付省エネ型空調・換気設備の導入に要する費用の一部を補助します。 ■応募資格 東京都内で次のいずれかの作業工程においてVOCを取扱う中小企業者等 （ア）工場内塗装（工業塗装及び自動車板金塗装に限る。） （イ）印刷 （ウ）ドライクリーニング ■問合せ先 技術支援部 省エネ型VOC排出削減設備導入促進事業 ヘルプデスク TEL：03₋3633-2282（受付時間 平日9:00～12:00 13:00～17:00） E-mail：kaizen-voc@tokyokankyo.jp ■参照URL https://www.tokyokankyo.jp/apply/voc/
43,2029-02-15 00:00,デジタル技術活用推進助成金に係る状況報告等について,東京都,0,漁業 / 建設業 / 製造業 / 電気・ガス・熱供給・水道業 / 情報通信業 / 複合サービス事業 / サービス業（他に分類されないもの） / 分類不能の産業 / 農業、林業 / 鉱業、採石業、砂利採取業 / 運輸業、郵便業 / 卸売業、小売業 / 金融業、保険業 / 不動産業、物品賃貸業 / 学術研究、専門・技術サービス業 / 宿泊業、飲食サービス業 / 生活関連サービス業、娯楽業 / 教育、学習支援業 / 医療、福祉,従業員数の制約なし,■目的・概要 東京都中小企業振興公社の実施するデジタル技術活用推進助成事業において事業完了後に下記の提出を５年間行なう。 ■本ページの対象事業者 すでに助成事業が完了（※）しており、上記の提出物を郵送で行ってる事業者 （※）完了とは、助成金が支払済みの事業を指します。 ■備考 gBizIDプライムアカウントを取得の上、提出する必要があります。 ■問い合わせ先 東京都中小企業振興公社総合支援部生産性向上支援課 TEL : 03-3251-7919,対象事業者 すでに助成事業が完了（※）しており、上記の提出物を郵送で行ってる事業者 （※）完了とは、助成金が支払済みの事業を指します。 ■備考 gBizIDプライムアカウントを取得の上、提出する必要があります。 ■問い合わせ先 東京都中小企業振興公社総合支援部生産性向上支援課 TEL : 03-3251-7919
